-- MySQL dump 10.13  Distrib 8.0.38, for Linux (x86_64)
--
-- Host: localhost    Database: crewin
-- ------------------------------------------------------
-- Server version	8.0.38

/*!40101 SET @OLD_CHARACTER_SET_CLIENT=@@CHARACTER_SET_CLIENT */;
/*!40101 SET @OLD_CHARACTER_SET_RESULTS=@@CHARACTER_SET_RESULTS */;
/*!40101 SET @OLD_COLLATION_CONNECTION=@@COLLATION_CONNECTION */;
/*!50503 SET NAMES utf8mb4 */;
/*!40103 SET @OLD_TIME_ZONE=@@TIME_ZONE */;
/*!40103 SET TIME_ZONE='+00:00' */;
/*!40014 SET @OLD_UNIQUE_CHECKS=@@UNIQUE_CHECKS, UNIQUE_CHECKS=0 */;
/*!40014 SET @OLD_FOREIGN_KEY_CHECKS=@@FOREIGN_KEY_CHECKS, FOREIGN_KEY_CHECKS=0 */;
/*!40101 SET @OLD_SQL_MODE=@@SQL_MODE, SQL_MODE='NO_AUTO_VALUE_ON_ZERO' */;
/*!40111 SET @OLD_SQL_NOTES=@@SQL_NOTES, SQL_NOTES=0 */;

--
-- Table structure for table `course`
--

DROP TABLE IF EXISTS `course`;
/*!40101 SET @saved_cs_client     = @@character_set_client */;
/*!50503 SET character_set_client = utf8mb4 */;
CREATE TABLE `course` (
  `id` bigint NOT NULL AUTO_INCREMENT,
  `creator_id` bigint NOT NULL,
  `info` json NOT NULL,
  `name` varchar(30) NOT NULL,
  `length` int NOT NULL,
  `thumbnail_image` text NOT NULL,
  `area` varchar(30) NOT NULL,
  PRIMARY KEY (`id`),
  KEY `creator_id` (`creator_id`),
  CONSTRAINT `course_ibfk_1` FOREIGN KEY (`creator_id`) REFERENCES `member` (`id`)
) ENGINE=InnoDB AUTO_INCREMENT=22 DEFAULT CHARSET=utf8mb4 COLLATE=utf8mb4_0900_ai_ci;
/*!40101 SET character_set_client = @saved_cs_client */;

--
-- Dumping data for table `course`
--

LOCK TABLES `course` WRITE;
/*!40000 ALTER TABLE `course` DISABLE KEYS */;
INSERT INTO `course` VALUES (1,3,'{\"markers\": [{\"point\": [36.0745105, 128.3723446], \"title\": \"경유지 1\"}, {\"point\": [36.1122403, 128.3617016], \"title\": \"경유지 2\"}, {\"point\": [36.1130724, 128.4255596], \"title\": \"경유지 3\"}, {\"point\": [36.0892162, 128.4293362], \"title\": \"경유지 4\"}, {\"point\": [36.0586919, 128.4107968], \"title\": \"경유지 5\"}], \"polylines\": [[[36.113070361387926, 128.42551811555708], [36.112028813276744, 128.42552647729306], [36.11085672444789, 128.42553484267953], [36.11085672444789, 128.42553484267953], [36.1108567255223, 128.425593170852], [36.11085672680135, 128.42566260915257], [36.11085672680135, 128.42566260915257], [36.11067896902574, 128.4256515039973], [36.11067896902574, 128.4256515039973], [36.110606755012526, 128.42565150601752], [36.110606755012526, 128.42565150601752], [36.110331786321, 128.4256542912417], [36.10960686913541, 128.42567653177687], [36.10939300486445, 128.42569320295155], [36.10897916317211, 128.42570154712408], [36.108634757877425, 128.425701556758], [36.10850699452059, 128.42569600526775], [36.10843478060947, 128.42570156235178], [36.10830979476581, 128.42569878831586], [36.10790984033197, 128.42570435456727], [36.107543215493784, 128.42571269741828], [36.10728213416253, 128.42571825978496], [36.10688217977927, 128.42572660356788], [36.106732196827934, 128.42572660776287], [36.106615543472486, 128.42572938855767], [36.10613504274015, 128.42574051212506], [36.105612880281114, 128.4257627469855], [36.10525181005893, 128.42575442448776], [36.10513515665207, 128.4257544277503], [36.10501572532273, 128.4257294333021], [36.104935178564645, 128.4257099928305], [36.10478241702543, 128.42564889139783], [36.1046518751316, 128.42558501181168], [36.10439634570535, 128.42542669963143], [36.104340795696615, 128.42538503820427], [36.1042324731924, 128.4253044928043], [36.104090820069096, 128.4251656201635], [36.103932501815294, 128.42500730526436], [36.10376307243442, 128.42477955237473], [36.10367696896181, 128.42466289843668], [36.10363808336746, 128.42460179381908], [36.10336588395136, 128.42416017383565], [36.10310757256185, 128.42375743891228], [36.10270205031206, 128.42306306724012], [36.102649277509705, 128.42300751807483], [36.10257428536879, 128.4229714122551], [36.10257428536879, 128.4229714122551], [36.1023798574486, 128.42266866669846], [36.1023798574486, 128.42266866669846], [36.10110780134928, 128.4238380432576], [36.10071618589587, 128.42420191090594], [36.09997183848576, 128.42487687200696], [36.0997052068309, 128.4251324124111], [36.09943024304539, 128.42540184070862], [36.09936358533622, 128.42547683593793], [36.09928859539421, 128.42556016399638], [36.099030296483384, 128.42583514689227], [36.09864701494944, 128.4262823402706], [36.09819985311696, 128.42680175126898], [36.09811097627354, 128.4269072999724], [36.09806653785183, 128.42696007432414], [36.097769355852186, 128.4273100516736], [36.097313861684, 128.42783224043788], [36.096594514702566, 128.42868496289643], [36.09633343894243, 128.4289932762562], [36.096316774579, 128.42901549697874], [36.09628622188201, 128.42898216744803], [36.09628622188201, 128.42898216744803], [36.0961473517946, 128.4291460457232], [36.0961473517946, 128.4291460457232], [36.096155684794745, 128.42917937587515], [36.09614179830263, 128.4292238167766], [36.0957001916997, 128.42975989281456], [36.095339129860854, 128.43020708557444], [36.095339129860854, 128.43020708557444], [36.09509749597698, 128.4304959556668], [36.095003065538926, 128.4306737203603], [36.09487808521722, 128.4309709197876], [36.09483364776723, 128.4310764672492], [36.094586468985305, 128.43190973378591], [36.094369840291826, 128.43263467571782], [36.094369840291826, 128.43263467571782], [36.0943615081101, 128.43264578607915], [36.09431706907429, 128.4326652300463], [36.09430318166139, 128.43265967537042], [36.09424485444533, 128.43263190168037], [36.094008768221265, 128.43252636206194], [36.09344493860219, 128.43226528980966], [36.093372723973175, 128.4322319614436], [36.093156080086096, 128.43213197634532], [36.09274501226457, 128.43194589318765], [36.09262835788346, 128.43189312333922], [36.0924978160894, 128.43183479881483], [36.09233116698079, 128.43175981010728], [36.09187843681787, 128.43155150785682], [36.09178400238944, 128.43151262504747], [36.0915395837785, 128.43140708566065], [36.09094797933235, 128.43113490405327], [36.090895206989245, 128.4311043526754], [36.090895206989245, 128.4311043526754], [36.090700782645314, 128.43099603435846], [36.090700782645314, 128.43099603435846], [36.09054802110285, 128.43093493292253], [36.09028971507868, 128.430823838859], [36.0897980999848, 128.43059053990447], [36.08977310241642, 128.43056832034637], [36.08974532692559, 128.43052110307707], [36.0897286619482, 128.4305099934145], [36.0897286619482, 128.4305099934145], [36.089845307941616, 128.43010724799976], [36.08993140384629, 128.4298128271909], [36.08993140384629, 128.4298128271909], [36.0897897536867, 128.42983505140694], [36.08963143829397, 128.42983227829987], [36.08939812932665, 128.42971562847282], [36.08929813910434, 128.4296295277725], [36.08917315105795, 128.4295073198535], [36.08915926364499, 128.4295017651775]], [[36.11238316030185, 128.36203208676838], [36.11227484224524, 128.3621931866414], [36.11226095529266, 128.36221262975224], [36.1120026616389, 128.36277369840457], [36.11194711592099, 128.362965349656], [36.11181936022378, 128.36337642794317], [36.111788812939515, 128.36363751679477], [36.111794369088315, 128.36370417740545], [36.111836035049706, 128.36392360126328], [36.111836035049706, 128.36392360126328], [36.11178881850248, 128.3639402677724], [36.11153884712952, 128.36395138487603], [36.11146385560534, 128.3639486094369], [36.11146385560534, 128.3639486094369], [36.1113472029682, 128.36399027567094], [36.1113472029682, 128.36399027567094], [36.11128054434026, 128.36401527531834], [36.11128054434026, 128.36401527531834], [36.11108612327828, 128.3640847190417], [36.11108612327828, 128.3640847190417], [36.110994467084296, 128.3640874991314], [36.110994467084296, 128.3640874991314], [36.1108694812956, 128.36408750261933], [36.1108694812956, 128.36408750261933], [36.11080837703017, 128.3640819492607], [36.11079449063896, 128.36413194522257], [36.11079449063896, 128.36413194522257], [36.110730613300646, 128.36436525968563], [36.110730613300646, 128.36436525968563], [36.11071672690944, 128.36441525564751], [36.11071672690944, 128.36441525564751], [36.110666735962354, 128.36459857414874], [36.110666735962354, 128.36459857414874], [36.110675070440784, 128.3647124527245], [36.110675070440784, 128.3647124527245], [36.11068618304468, 128.3648624391376], [36.1106945381938, 128.36610121813752], [36.11058344323658, 128.36629287094007], [36.11056400130899, 128.36630953667415], [36.11056400130899, 128.36630953667415], [36.110558450162024, 128.3665150741908], [36.110558450162024, 128.3665150741908], [36.110597334629674, 128.36651507310555], [36.11072510063673, 128.36666505626317], [36.11073899453095, 128.36702335749246], [36.1107418132876, 128.36927038073512], [36.11074459565006, 128.36953702372176], [36.11075296300451, 128.37143963285467], [36.110755746133165, 128.37174793882056], [36.11076132035501, 128.37279784573266], [36.11077525724074, 128.3754948288463], [36.11077525964053, 128.37562537284705], [36.11076970691212, 128.3757448068751], [36.110775294464425, 128.37751964962447], [36.110780853422426, 128.37773907449213], [36.11078085694584, 128.37793072419558], [36.110780870427, 128.37866399262637], [36.11079198241973, 128.37878064865748], [36.11079753913101, 128.3788778621201], [36.1107947802575, 128.3798888838227], [36.110794783372675, 128.38005831327092], [36.110786488012934, 128.38207202416015], [36.1107837134621, 128.3822303435584], [36.1107809482578, 128.38289695130226], [36.110778211401765, 128.38510508927655], [36.110778211401765, 128.38510508927655], [36.11075043810985, 128.38517730588293], [36.11071433176792, 128.38521341480674], [36.11071433176792, 128.38521341480674], [36.110706005204975, 128.38553005368155], [36.110706005204975, 128.38553005368155], [36.11077544400243, 128.3856522631479], [36.11077544400243, 128.3856522631479], [36.11108096471994, 128.38564669955065], [36.11108096471994, 128.38564669955065], [36.1110754590912, 128.38832701803776], [36.11108935912178, 128.3890186231062], [36.11106993650573, 128.39008519592005], [36.11106993650573, 128.39008519592005], [36.1110643877636, 128.39042127744196], [36.111064412543016, 128.39176838044153], [36.11106448448756, 128.39567914544517], [36.111086752834375, 128.39832335525864], [36.11109510464127, 128.39937881717523], [36.11109510745226, 128.3995315814338], [36.11109510745226, 128.3995315814338], [36.11110345946455, 128.40059815347914], [36.11113124205811, 128.40103144769114], [36.11116735831568, 128.4015341799698], [36.11116458167148, 128.40157862055904], [36.11112571248635, 128.40240910370724], [36.11112571248635, 128.40240910370724], [36.111128499200255, 128.40291183691787], [36.11118960581821, 128.403045156745], [36.11118960581821, 128.403045156745], [36.11119794300921, 128.40330624451823], [36.11119794300921, 128.40330624451823], [36.11116461372059, 128.40332013310973], [36.111131284840894, 128.40335624195706], [36.11115077482063, 128.4059504562857], [36.11115077482063, 128.4059504562857], [36.111153555912345, 128.406147660979], [36.111153555912345, 128.406147660979], [36.111150786885624, 128.40660595383437], [36.111159180112715, 128.40991121666912], [36.111159180112715, 128.40991121666912], [36.11115640858185, 128.41023341045795], [36.11115640858185, 128.41023341045795], [36.1111731213685, 128.412841512536], [36.11118147993714, 128.41426360868672], [36.1111898263356, 128.41502465222214], [36.11109819039187, 128.41612733499056], [36.11108708611835, 128.41643008628978], [36.11110653229067, 128.41664395571047], [36.11110653229067, 128.41664395571047], [36.111212080860106, 128.41691615089542], [36.111212080860106, 128.41691615089542], [36.11115097782054, 128.41697725830838], [36.11115097782054, 128.41697725830838], [36.111117648889866, 128.41701058962454], [36.11111209519328, 128.41707725054803], [36.11111209519328, 128.41707725054803], [36.11104267234944, 128.41782163106782], [36.11104267234944, 128.41782163106782], [36.111037118550584, 128.41788273692737], [36.111037118550584, 128.41788273692737], [36.11107322555706, 128.41788273591754], [36.11107322555706, 128.41788273591754], [36.11115099439175, 128.41787717867857], [36.11115099439175, 128.41787717867857], [36.11105378577784, 128.41801605799768], [36.11097602001195, 128.41818826715718], [36.11094269200192, 128.41827159404957], [36.110928806072714, 128.4183465878022], [36.11089270638036, 128.4187437758894], [36.1108316077907, 128.41904652858747], [36.1107566372359, 128.42018254127777], [36.11074275452931, 128.42043251954738], [36.11074276189517, 128.42083248415742], [36.110751103591085, 128.42133799475107], [36.110751105432605, 128.42143798590362], [36.11077612535484, 128.4226739869518], [36.11078724144409, 128.42301284554725], [36.11079279897718, 128.4231544995248], [36.11079279897718, 128.4231544995248], [36.110828924656445, 128.4241682977019], [36.11083726343752, 128.4245154889714], [36.11083726343752, 128.4245154889714], [36.110842823886905, 128.4248154622743], [36.110842823886905, 128.4248154622743], [36.11084837983421, 128.42487101275933], [36.11084837983421, 128.42487101275933], [36.11085671682482, 128.42512099040815], [36.11086227650692, 128.42537930073087], [36.11085672444789, 128.42553484267953], [36.11085672444789, 128.42553484267953], [36.112028813276744, 128.42552647729306], [36.113070361387926, 128.42551811555708]], [[36.075140368018026, 128.37271551328794], [36.07513203609076, 128.37274051130845], [36.0751209273135, 128.3727988397908], [36.07509315524282, 128.37293771716656], [36.075084825560026, 128.37308492659668], [36.07508205222981, 128.37330990676904], [36.075082053709146, 128.37339045519812], [36.07512649590874, 128.37354321822176], [36.075134830284576, 128.37365154173898], [36.075148718615424, 128.37370709199274], [36.07520149187509, 128.37378763895117], [36.07522649010544, 128.37384596642733], [36.07523760112723, 128.37390984935456], [36.07523482478739, 128.3739709551368], [36.07521260631473, 128.37403761652493], [36.075170945811266, 128.37411538858305], [36.075026521351845, 128.37430981985068], [36.07491542516253, 128.3744348118886], [36.07491542516253, 128.3744348118886], [36.0749265375107, 128.3745709106489], [36.074904319395145, 128.37465701476137], [36.074904319395145, 128.37465701476137], [36.07495431483567, 128.37471811907295], [36.075043197194624, 128.3749125438388], [36.07507930501847, 128.3749569833452], [36.07507930501847, 128.3749569833452], [36.07511819142676, 128.375062528479], [36.07515707671273, 128.37510696790795], [36.07539871959053, 128.37530694348044], [36.07566813754868, 128.37553191606696], [36.07589867113917, 128.37576244480115], [36.07627919013304, 128.3761262908927], [36.07653749916106, 128.37640125936494], [36.07673748158665, 128.3766817845268], [36.07691802198155, 128.3769734203586], [36.0770291233745, 128.37713173658798], [36.07708745135452, 128.37720117326313], [36.07715688892792, 128.37725672196837], [36.07724021370984, 128.3773067152224], [36.07729576330935, 128.37732615639823], [36.077420749563835, 128.37735115070262], [36.07751518322478, 128.37734837053824], [36.07751518322478, 128.37734837053824], [36.07788180761181, 128.37731502993398], [36.07809011676019, 128.37728724880685], [36.07822343387018, 128.37722891691774], [36.078401189557574, 128.3771261432773], [36.07858727717204, 128.3769983716163], [36.07892334809761, 128.37689003849854], [36.078981674240666, 128.37685948402023], [36.079145541188645, 128.3766789398701], [36.079245527834665, 128.37657061333357], [36.079309408697824, 128.37652894857231], [36.07950382925959, 128.37643172953142], [36.079784348850566, 128.37620951914903], [36.07993432935518, 128.37607619343063], [36.07997043524006, 128.3760150867195], [36.07997043524006, 128.3760150867195], [36.08010653175061, 128.37606230096998], [36.0801481939373, 128.3760761874687], [36.080209298562814, 128.3761011835535], [36.08032317588673, 128.3761761737436], [36.08036206107053, 128.37621505810796], [36.08041205681707, 128.37629282761094], [36.08051204912656, 128.3764928071293], [36.080575933816434, 128.37665945726994], [36.08060926382091, 128.376684454129], [36.08066203575396, 128.37669278525385], [36.08080368601508, 128.37667611611263], [36.08087590013181, 128.37668166916345], [36.08092589475581, 128.37669833296178], [36.08099810948483, 128.37673721639686], [36.081042549490775, 128.37677054554223], [36.08111754234523, 128.37684553681618], [36.08111754234523, 128.37684553681618], [36.08115087189046, 128.37684553588696], [36.081209198492544, 128.37683997919677], [36.08141472920828, 128.3767594250379], [36.08188133850381, 128.37652332180676], [36.08198965855615, 128.37647054567833], [36.08205353962312, 128.37643999104503], [36.08241738414728, 128.3762761065116], [36.082520150040736, 128.3762649935183], [36.082520150040736, 128.3762649935183], [36.082592362626485, 128.3761872206084], [36.082700682627674, 128.37613166694794], [36.08299786821429, 128.37597611686903], [36.0830673037461, 128.3759205642927], [36.08334504597531, 128.3757039090515], [36.08362556505416, 128.37545392334877], [36.08394496569367, 128.37504561723728], [36.08413382882953, 128.37481229928235], [36.0848226238132, 128.37396235528243], [36.08551697361835, 128.3731068560647], [36.08565028756324, 128.37287631719133], [36.0856891706037, 128.37279854521108], [36.085725276233106, 128.37272355084028], [36.08577526830551, 128.3726013380383], [36.0858085961667, 128.37250967855294], [36.08585303219247, 128.37232636020184], [36.0861863027943, 128.37097369282554], [36.0862612888112, 128.37067649481105], [36.0862612888112, 128.37067649481105], [36.086316838460846, 128.37069871351832], [36.08641960527187, 128.37073759610118], [36.08641960527187, 128.37073759610118], [36.086758430084366, 128.36934604312478], [36.08678342525331, 128.36923771868015], [36.08680008864828, 128.36916272485175], [36.086836191726896, 128.36894885388173], [36.08685285313222, 128.3687655363057], [36.08686951469062, 128.3685905513256], [36.08686950504869, 128.36806559777938], [36.08686394813496, 128.3679572741866], [36.08685839152734, 128.36786561578575], [36.08685282752271, 128.3673712152465], [36.08684170507427, 128.36668516515505], [36.08683058135093, 128.36592967676424], [36.08683335682358, 128.36582135293932], [36.08683334626456, 128.36524640381828], [36.08683333922536, 128.36486310440438], [36.086819450027726, 128.36476033610808], [36.08680833921031, 128.36470756331002], [36.08680833691496, 128.36458257437073], [36.08681944574306, 128.3645270234214], [36.08682777746616, 128.36449091527334], [36.08682499668861, 128.36431037577185], [36.08681943258328, 128.3638104201697], [36.08681665093872, 128.36358266262457], [36.08681109371935, 128.3634576738402], [36.08681109371935, 128.3634576738402], [36.08679163266428, 128.3624327650811], [36.08677773081826, 128.36164116885405], [36.08678050807632, 128.3616300586487], [36.08678050807632, 128.3616300586487], [36.08680272608976, 128.36153839947414], [36.086863829286074, 128.3614856246636], [36.08690549096198, 128.36147173584257], [36.08735266332269, 128.36152449648716], [36.08806925001271, 128.36160502494215], [36.08850808988458, 128.3616522307542], [36.08859696882334, 128.36166056087282], [36.08906358341745, 128.3617133209743], [36.08930522307505, 128.36173831202663], [36.08945798384493, 128.3617577504924], [36.08982460954969, 128.3617966257205], [36.090124576012094, 128.36182717021063], [36.09076339366023, 128.36190214576635], [36.09109113484474, 128.3619382445457], [36.09165218329984, 128.3619993346086], [36.09168829035741, 128.36200211113402], [36.09177716939783, 128.36201599631607], [36.09184105122884, 128.36202710466307], [36.091954927478625, 128.36204376668022], [36.09236599252384, 128.36207986313602], [36.0931131310876, 128.36214928060554], [36.09377139071246, 128.3622103679563], [36.09447408967828, 128.3622686765354], [36.09509068726949, 128.3623242099825], [36.09526844509447, 128.3623380926859], [36.09586004537375, 128.3623852942334], [36.09601002852726, 128.36239640017908], [36.09651830489421, 128.36244082651743], [36.09651830489421, 128.36244082651743], [36.09668217545974, 128.3624574871396], [36.09725433370783, 128.36251579935578], [36.09770706088456, 128.36256300477407], [36.098226447251506, 128.36261576339703], [36.09857918594811, 128.36267130419898], [36.09901247134913, 128.36274350794602], [36.09931799298707, 128.36278793993654], [36.099906816617526, 128.36287958206873], [36.10041509359415, 128.3629573387871], [36.10098169737468, 128.3630406489421], [36.101339990789995, 128.3630850794597], [36.10148719653146, 128.3630989630135], [36.10177049837037, 128.36313784055864], [36.10180938396094, 128.3631989451766], [36.101831604626426, 128.3632517176636], [36.101831604626426, 128.3632517176636], [36.101903817260926, 128.3631767222871], [36.101903817260926, 128.3631767222871], [36.10193159131972, 128.3631461686611], [36.10197880812277, 128.36314338981217], [36.10197880812277, 128.36314338981217], [36.10217323036101, 128.36313782932524], [36.10217323036101, 128.36313782932524], [36.10217322939157, 128.36308505621852], [36.10228988279571, 128.36308505296466], [36.10228988279571, 128.36308505296466], [36.10273983164008, 128.36308504041395], [36.10344808439906, 128.36308224312572], [36.10386470354566, 128.36307389890823], [36.10441741858491, 128.36307943855363], [36.10448407787688, 128.3630905468218], [36.104786821897584, 128.3631266462913], [36.105231217500304, 128.3632182924475], [36.10571727533881, 128.36332660263255], [36.10656995948618, 128.3635071184185], [36.10714211864547, 128.36361542620008], [36.10719211336944, 128.36363764506058], [36.10735042951905, 128.3636820811541], [36.10795869624492, 128.36382094077854], [36.10805313030953, 128.36384038086703], [36.10810312482933, 128.36385148959977], [36.10901413593103, 128.36404589141404], [36.10914467710329, 128.36407088555868], [36.10921411400997, 128.3640903263445], [36.110075130897, 128.36429028461583], [36.110172342423354, 128.3643097246265], [36.11043064791797, 128.36439304337563], [36.11043064791797, 128.36439304337563], [36.110502862337555, 128.3644152616157], [36.11061396239859, 128.36450136200455], [36.11061396239859, 128.36450136200455], [36.110666735962354, 128.36459857414874], [36.110666735962354, 128.36459857414874], [36.11071672690944, 128.36441525564751], [36.11071672690944, 128.36441525564751], [36.110730613300646, 128.36436525968563], [36.110730613300646, 128.36436525968563], [36.11079449063896, 128.36413194522257], [36.11079449063896, 128.36413194522257], [36.11080837703017, 128.3640819492607], [36.1108694812956, 128.36408750261933], [36.1108694812956, 128.36408750261933], [36.110994467084296, 128.3640874991314], [36.110994467084296, 128.3640874991314], [36.11108612327828, 128.3640847190417], [36.11108612327828, 128.3640847190417], [36.11128054434026, 128.36401527531834], [36.11128054434026, 128.36401527531834], [36.1113472029682, 128.36399027567094], [36.1113472029682, 128.36399027567094], [36.11146385560534, 128.3639486094369], [36.11146385560534, 128.3639486094369], [36.11153884712952, 128.36395138487603], [36.11178881850248, 128.3639402677724], [36.111836035049706, 128.36392360126328], [36.111836035049706, 128.36392360126328], [36.111794369088315, 128.36370417740545], [36.111788812939515, 128.36363751679477], [36.11181936022378, 128.36337642794317], [36.11194711592099, 128.362965349656], [36.1120026616389, 128.36277369840457], [36.11226095529266, 128.36221262975224], [36.11227484224524, 128.3621931866414], [36.11238316030185, 128.36203208676838]], [[36.08915926364499, 128.4295017651775], [36.08917315105795, 128.4295073198535], [36.08929813910434, 128.4296295277725], [36.08939812932665, 128.42971562847282], [36.08963143829397, 128.42983227829987], [36.0897897536867, 128.42983505140694], [36.08993140384629, 128.4298128271909], [36.08993140384629, 128.4298128271909], [36.089845307941616, 128.43010724799976], [36.0897286619482, 128.4305099934145], [36.0897286619482, 128.4305099934145], [36.08974532692559, 128.43052110307707], [36.08977310241642, 128.43056832034637], [36.0897980999848, 128.43059053990447], [36.09028971507868, 128.430823838859], [36.09054802110285, 128.43093493292253], [36.090700782645314, 128.43099603435846], [36.090700782645314, 128.43099603435846], [36.090895206989245, 128.4311043526754], [36.090895206989245, 128.4311043526754], [36.09094797933235, 128.43113490405327], [36.0915395837785, 128.43140708566065], [36.09178400238944, 128.43151262504747], [36.09187843681787, 128.43155150785682], [36.09233116698079, 128.43175981010728], [36.0924978160894, 128.43183479881483], [36.09262835788346, 128.43189312333922], [36.09274501226457, 128.43194589318765], [36.093156080086096, 128.43213197634532], [36.093372723973175, 128.4322319614436], [36.09344493860219, 128.43226528980966], [36.094008768221265, 128.43252636206194], [36.09424485444533, 128.43263190168037], [36.09430318166139, 128.43265967537042], [36.09430318166139, 128.43265967537042], [36.09431706907429, 128.4326652300463], [36.0943615081101, 128.43264578607915], [36.094369840291826, 128.43263467571782], [36.094586468985305, 128.43190973378591], [36.09483364776723, 128.4310764672492], [36.09487808521722, 128.4309709197876], [36.095003065538926, 128.4306737203603], [36.09509749597698, 128.4304959556668], [36.095339129860854, 128.43020708557444], [36.0957001916997, 128.42975989281456], [36.09614179830263, 128.4292238167766], [36.09614179830263, 128.4292238167766], [36.096155684794745, 128.42917937587515], [36.0961473517946, 128.4291460457232], [36.0961473517946, 128.4291460457232], [36.09628622188201, 128.42898216744803], [36.09628622188201, 128.42898216744803], [36.096316774579, 128.42901549697874], [36.09633343894243, 128.4289932762562], [36.096594514702566, 128.42868496289643], [36.097313861684, 128.42783224043788], [36.097769355852186, 128.4273100516736], [36.09806653785183, 128.42696007432414], [36.09811097627354, 128.4269072999724], [36.09819985311696, 128.42680175126898], [36.09864701494944, 128.4262823402706], [36.099030296483384, 128.42583514689227], [36.09928859539421, 128.42556016399638], [36.09936358533622, 128.42547683593793], [36.09943024304539, 128.42540184070862], [36.0997052068309, 128.4251324124111], [36.09997183848576, 128.42487687200696], [36.10071618589587, 128.42420191090594], [36.10110780134928, 128.4238380432576], [36.1023798574486, 128.42266866669846], [36.10246873470062, 128.42258533825208], [36.10285201797131, 128.42223258096575], [36.103646359030385, 128.421521510553], [36.103646359030385, 128.421521510553], [36.104329603344766, 128.42090487933652], [36.104474028968355, 128.4207743312926], [36.10464345134134, 128.42062156229343], [36.1050128476584, 128.42028824812067], [36.10541279554647, 128.41992715777346], [36.10541279554647, 128.41992715777346], [36.10553777924226, 128.4198132754655], [36.105715533898845, 128.4196549511695], [36.105715533898845, 128.4196549511695], [36.10575164024074, 128.41961884224355], [36.105787745610904, 128.41952996020905], [36.10579885382255, 128.41944107887355], [36.10579051990207, 128.41935775314573], [36.105787742082015, 128.41933831049917], [36.105623851977555, 128.4182606326549], [36.10554885329124, 128.41786900273604], [36.10552385398486, 128.4177523470899], [36.10552385398486, 128.4177523470899], [36.10552106941446, 128.41736627021615], [36.10552106941446, 128.41736627021615], [36.105540511393166, 128.41735238201244], [36.10554050939876, 128.41724405826352], [36.10554050939876, 128.41724405826352], [36.10554049400632, 128.41640802112454], [36.105529352096454, 128.41466650885815], [36.10552656594184, 128.4141943284926], [36.105515427716114, 128.41265279853383], [36.105512626224034, 128.41134735856477], [36.10550706010339, 128.41073907920932], [36.10550706010339, 128.41073907920932], [36.105507058978645, 128.41067797350507], [36.10549039374622, 128.41065297618275], [36.10546539658779, 128.4106529768815], [36.10540706988476, 128.41065297851176], [36.10512099124256, 128.41065020897585], [36.10512099124256, 128.41065020897585], [36.1050237800708, 128.41065021169297], [36.10489601696985, 128.41065854786004], [36.10440162882689, 128.4106641167422], [36.10393501530413, 128.41066968484776], [36.10366004661179, 128.41067247006478], [36.10329064426055, 128.41067803545303], [36.10243240868889, 128.41068916956667], [36.10238797006274, 128.41073083378893], [36.102207435182144, 128.41073917143035], [36.10216855142898, 128.41077805796536], [36.10212133452281, 128.41077528175288], [36.102007458169304, 128.41075306467914], [36.10178803861525, 128.41075029327908], [36.10165749789827, 128.41075029692715], [36.10165194195174, 128.41069474644192], [36.10085481028797, 128.41069199118598], [36.100507627529566, 128.41069200088782], [36.0996021749971, 128.41069758125352], [36.09841619879387, 128.41070316945635], [36.09823010883475, 128.41070317465594], [36.09821344406229, 128.41070317512157], [36.098096793057515, 128.41083372238663], [36.098096793057515, 128.41083372238663], [36.097919035535654, 128.4108365048854], [36.097919035535654, 128.4108365048854], [36.09791903528008, 128.41082261722522], [36.09790792440945, 128.41076706689492], [36.0978912590747, 128.41073651450816], [36.09786626166042, 128.41072262754642], [36.09784681942587, 128.41072262808964], [36.09702746811232, 128.41072265098236], [36.0961247929864, 128.41072545373413], [36.09598314247117, 128.41072823522362], [36.0948332733713, 128.41073937747598], [36.09371395625039, 128.41074496380898], [36.09364451964692, 128.41074218821663], [36.09332233404387, 128.41074219721676], [36.09261408151575, 128.41075888219336], [36.09238910713683, 128.41076166600968], [36.09238910713683, 128.41076166600968], [36.09237521987744, 128.41076444392965], [36.09235300069174, 128.41079221987084], [36.09233911389233, 128.4108199955793], [36.09233911389233, 128.4108199955793], [36.09214191413433, 128.41082277861972], [36.09214191413433, 128.41082277861972], [36.0921419134188, 128.41078389317096], [36.09213913559894, 128.4107644505242], [36.09209747361633, 128.41076167415585], [36.09209747361633, 128.41076167415585], [36.09114480406407, 128.41075892323383], [36.09101704085837, 128.41076170433448], [36.09092816207101, 128.41076170681697], [36.09084206079685, 128.41076448675392], [36.089794957633416, 128.41076729353182], [36.08972552113178, 128.41077007300322], [36.08962275508482, 128.4107728534055], [36.08950610177838, 128.41077841172765], [36.08842844658083, 128.410783996889], [36.08780074019369, 128.41078679195115], [36.08780074019369, 128.41078679195115], [36.08775630141306, 128.41082012357705], [36.08773408202274, 128.41083678938995], [36.087731304713934, 128.4108451220637], [36.087731304713934, 128.4108451220637], [36.08752299510618, 128.41084790541316], [36.08752299510618, 128.41084790541316], [36.08750355179818, 128.4107895777827], [36.08748688707657, 128.41079235578016], [36.08748688707657, 128.41079235578016], [36.08668142316394, 128.41079793333756], [36.086314798214886, 128.41080072110762], [36.0854537850584, 128.41080630021486], [36.08441501437565, 128.41081466181657], [36.08434002294921, 128.41081744144256], [36.08371787117615, 128.41080357115365], [36.08331236165347, 128.41080080494376], [36.08312627194592, 128.4108146977999], [36.08312627194592, 128.4108146977999], [36.08288185543124, 128.41082303722033], [36.08249301083423, 128.41082860314094], [36.08190696637397, 128.41083139703483], [36.08170976702184, 128.4108564003292], [36.08141257862378, 128.41085918615826], [36.08080431441437, 128.41085920313958], [36.080723767756695, 128.41084531772776], [36.08060155937121, 128.41084254360734], [36.08040158250548, 128.4108647694468], [36.08032659291804, 128.41096754022766], [36.0800821823805, 128.41130085090194], [36.079726675860606, 128.4117702637505], [36.07973223155135, 128.41181192657683], [36.07973223155135, 128.41181192657683], [36.07951837176879, 128.41207302056415], [36.07951837176879, 128.41207302056415], [36.0794822651696, 128.4120952418289], [36.07899899886496, 128.41275353042744], [36.078868461413926, 128.41293129612603], [36.07846573946757, 128.41347848119275], [36.078268544764185, 128.41375623990814], [36.07821021964292, 128.41384234503164], [36.07771306612892, 128.41450618908388], [36.07767973740057, 128.41455063052803], [36.07760474786398, 128.4146561788416], [36.07752420355636, 128.41477005990657], [36.077515871374274, 128.4147811702676], [36.07738255671634, 128.41497282370483], [36.077290903633134, 128.4151450332543], [36.07720758339633, 128.41534224036016], [36.07707427114008, 128.4156644378067], [36.076907631535214, 128.4161060700646], [36.07685208500026, 128.41625328081733], [36.0768270889139, 128.41631160968956], [36.07679653841422, 128.41639771403794], [36.07635216674808, 128.41760873044618], [36.07629106549326, 128.4177670514827], [36.07625773748033, 128.41785037837676], [36.07613831171741, 128.41812813492277], [36.07610220624232, 128.41821146189434], [36.07599666748364, 128.4184725528601], [36.07599666748364, 128.4184725528601], [36.07576891303022, 128.41833368261277], [36.07576891303022, 128.41833368261277], [36.07575780221054, 128.4182809098127], [36.07531062599677, 128.41801983427766], [36.07522730126277, 128.41797261855783], [36.07482178749251, 128.4177393171804], [36.07467735797738, 128.41765877278087], [36.07461069822081, 128.41762266672416], [36.074563481619315, 128.41763655570287], [36.07455515005041, 128.4176809964494], [36.07455515005041, 128.4176809964494], [36.07447738075173, 128.4176615558956], [36.07447738075173, 128.4176615558956], [36.074482935216174, 128.4176365579514], [36.07448293506287, 128.41762822535506], [36.074438494697105, 128.4175754534853], [36.07404687130355, 128.41750880364677], [36.07382745107597, 128.4174699243222], [36.073766346703614, 128.41745881589944], [36.07370801979343, 128.4174477073991], [36.07348582205248, 128.41740605061983], [36.072894220257126, 128.417278300656], [36.072880332844015, 128.41727274597935], [36.07279145369645, 128.4172533057354], [36.07233872552087, 128.41715332721574], [36.07204709050954, 128.41707278692425], [36.07172768051857, 128.4169728046829], [36.07167213086605, 128.41695058597634], [36.07162491370228, 128.41693392210144], [36.07145270982031, 128.41686726613673], [36.07134994244194, 128.41679783070182], [36.07114718494298, 128.4166478496258], [36.0709999767389, 128.41650064453145], [36.07080277283585, 128.41627844746486], [36.07063056522395, 128.41600903165426], [36.07054446098372, 128.41585071472582], [36.070438912975405, 128.41560907237607], [36.070088934295434, 128.41460639304373], [36.06968062533422, 128.41340928808972], [36.06930009237544, 128.4122871757278], [36.06907788344662, 128.41163723940988], [36.06906399557375, 128.41160668694397], [36.06904455247001, 128.4115594694403], [36.06902510926411, 128.41150669687235], [36.069000110929494, 128.41144281433088], [36.06898622300555, 128.41140948433284], [36.068733462299605, 128.41077621405995], [36.06857514041644, 128.4104206943648], [36.06851681125861, 128.41028737445004], [36.0681112852293, 128.4093874653545], [36.06784186021097, 128.40877919333496], [36.06778075343791, 128.40863754090122], [36.067764087949705, 128.40859865591634], [36.06773353463979, 128.40853199599763], [36.06754188183201, 128.4081014838644], [36.0673391188181, 128.4076515293161], [36.067150243626045, 128.40722934970154], [36.06712524544488, 128.40717379975632], [36.06706969380067, 128.40704325729595], [36.067019697387295, 128.4069293798734], [36.06696136838306, 128.40680439255473], [36.06676138288291, 128.4063572154607], [36.066555842203215, 128.40589615086088], [36.06640029803905, 128.40555451874786], [36.06637529985797, 128.4054989688026], [36.06634752395936, 128.40542953127417], [36.06630863795664, 128.40534620639497], [36.06622531056725, 128.4051545590024], [36.066025325118794, 128.40471015944007], [36.06583367236347, 128.404282424838], [36.065686460841675, 128.40395468015285], [36.06564479712156, 128.4038574676904], [36.06562535412026, 128.4038158052508], [36.06559202319523, 128.40374081281297], [36.0653864825676, 128.40328252574454], [36.065147611015206, 128.40274924623813], [36.06514205583552, 128.40273535873243], [36.06508650429393, 128.40261037133598], [36.06504761824035, 128.4025242689245], [36.06495595826059, 128.4023215116355], [36.06470875391358, 128.40176601210416], [36.06449765810706, 128.4012938375295], [36.0644782151569, 128.40125495262188], [36.06437822233127, 128.40102719777596], [36.064333782374526, 128.40099664616176], [36.06428378744232, 128.4009633171703], [36.06416158038203, 128.40103275888094], [36.063853285345566, 128.40121052953313], [36.063469999595355, 128.40142996525822], [36.06286729662837, 128.40177439604696], [36.06247567859303, 128.40199938706866], [36.061975740654574, 128.40228548681745], [36.061528573987125, 128.40254380977356], [36.06129804692117, 128.40266880514704], [36.06129804692117, 128.40266880514704], [36.061314712051825, 128.40268824740733], [36.061314712051825, 128.40268824740733], [36.06108140747252, 128.40281046532613], [36.06061202085144, 128.40305490124112], [36.06005931169093, 128.40337155531483], [36.05947327339173, 128.40371043057493], [36.058887235040906, 128.40404652830293], [36.05824564810874, 128.40441873549753], [36.05764294513652, 128.4047631662867], [36.05711523292914, 128.40506870953513], [36.05653197198721, 128.40540202965374], [36.05586261068545, 128.40578812528364], [36.05544321832952, 128.40602978227287], [36.05525435288849, 128.4061381112921], [36.05525157552836, 128.40614366643385], [36.0551849182726, 128.40624365944984], [36.0550849316742, 128.4063547635236], [36.05484329736063, 128.40662141334718], [36.05448778949465, 128.407018610357], [36.054387802896144, 128.40712971443094], [36.054387802896144, 128.40712971443094], [36.05454890030125, 128.40737968783492], [36.05466000190539, 128.4075491141998], [36.054682221909665, 128.40756577877335], [36.05477943385399, 128.40760743904582], [36.05487386859135, 128.40766298705648], [36.05493497316912, 128.40768520561036], [36.05506551522194, 128.40775741780735], [36.05521827697268, 128.40782962938488], [36.05537103867234, 128.4078990634302], [36.05554324510954, 128.40810459600937], [36.05586543741807, 128.40846844374016], [36.05589321290848, 128.40851566101256], [36.055898768292494, 128.40854065864715], [36.055890436161086, 128.40855454654024], [36.05586543935837, 128.40857398996235], [36.05565435278984, 128.40860454870125], [36.055734900879784, 128.40869620501698], [36.05576267591066, 128.4087184244999], [36.05606542097969, 128.40881007462065], [36.056320948628915, 128.40887117320386], [36.05666535517175, 128.4089378243732]]]}','구미 한 바퀴',25794,'https://crewin-bucket.s3.ap-northeast-2.amazonaws.com/crewin/2f95fe87-2682-408c-9c61-e2816ac2e4ec.webp','경상북도 구미시 오태동'),(2,5,'{\"markers\": [{\"point\": [35.8563285, 128.5946127], \"title\": \"경유지 1\"}, {\"point\": [35.8667625, 128.5891195], \"title\": \"경유지 2\"}, {\"point\": [35.8744133, 128.6009641], \"title\": \"경유지 3\"}, {\"point\": [35.869962, 128.6248251], \"title\": \"경유지 4\"}, {\"point\": [35.8497891, 128.6184736], \"title\": \"경유지 5\"}, {\"point\": [35.8348996, 128.6239668], \"title\": \"경유지 6\"}], \"polylines\": [[[35.856313721485606, 128.59464645876167], [35.856433153531405, 128.59470756116878], [35.856433153531405, 128.59470756116878], [35.85648591729519, 128.5942714870003], [35.85649702504913, 128.59415760783315], [35.856502579156476, 128.59411316714866], [35.856613659460805, 128.59312436226665], [35.8566303213734, 128.5929688199483], [35.8566303213734, 128.5929688199483], [35.856880293781714, 128.59300769846], [35.856880293781714, 128.59300769846], [35.85695804954455, 128.5922910927519], [35.857080237552786, 128.59118563117187], [35.85709690212744, 128.59117452057595], [35.857130231276756, 128.5911522993841], [35.857130231276756, 128.5911522993841], [35.857185779876, 128.5911161899088], [35.85727188026369, 128.5910634143851], [35.85748574682685, 128.59116617716285], [35.857602401357724, 128.5912245021141], [35.85802457950625, 128.5914272502905], [35.858219003673085, 128.59152168100923], [35.85854952466448, 128.59167721367132], [35.85866340162963, 128.59172998363331], [35.85914946219999, 128.59197439302864], [35.85914946219999, 128.59197439302864], [35.85927999580455, 128.59158553476212], [35.85927999580455, 128.59158553476212], [35.85953552462287, 128.59170496157887], [35.85996603526265, 128.59191326458802], [35.86049375798548, 128.59216878295564], [35.86060485748718, 128.59222155299446], [35.861085362976574, 128.59245762994294], [35.861085362976574, 128.59245762994294], [35.861171463722094, 128.5924242971506], [35.861171463722094, 128.5924242971506], [35.86126589660127, 128.59237707646096], [35.861279782944614, 128.5923243029456], [35.86128811461751, 128.59228541725034], [35.86140198461945, 128.59196044270922], [35.86141864832363, 128.59190211405044], [35.861426979945335, 128.59186045082208], [35.86154918146663, 128.59148825798658], [35.86156029070515, 128.59145492728032], [35.861565845324414, 128.59143826192715], [35.8616769380168, 128.59112162006298], [35.8616852698433, 128.59109106696704], [35.8616936016698, 128.59106051387116], [35.86177136628827, 128.59082442139416], [35.861782475270815, 128.59077720302238], [35.86179636166539, 128.59072720704026], [35.861893567604895, 128.59044111842675], [35.861893567604895, 128.59044111842675], [35.862085212874, 128.59045777829465], [35.862085212874, 128.59045777829465], [35.86209076728848, 128.5904300028091], [35.86214353847524, 128.590396670944], [35.86214353847524, 128.590396670944], [35.86255182090907, 128.590143904075], [35.86269069227791, 128.59004668655362], [35.86273790864058, 128.59001890990925], [35.862779570076825, 128.5899911334194], [35.863073978105604, 128.5898244732441], [35.86340727000484, 128.58962448159005], [35.863465596117905, 128.58959114957045], [35.8639516468551, 128.58930227260805], [35.86434326512279, 128.58908283659989], [35.86442103322223, 128.58903561637402], [35.865015403794864, 128.58868007560432], [35.86511261393185, 128.58862174470525], [35.86560977441811, 128.58832731236777], [35.86618748031278, 128.58797732712796], [35.86620414539913, 128.58799399186285], [35.8662458082686, 128.5880439862994], [35.8662458082686, 128.5880439862994], [35.8667457452956, 128.58769955828922], [35.8667457452956, 128.58769955828922], [35.86671519622099, 128.58786343359097], [35.86650412944551, 128.58897167516363], [35.86649302112865, 128.58905500146523], [35.86649302112865, 128.58905500146523], [35.86655412618935, 128.5891022178278], [35.86666800212921, 128.5890994371266], [35.86675132561552, 128.5890772145438]], [[35.84970102062016, 128.61846398958676], [35.84962605124592, 128.61966388601311], [35.84962605124592, 128.61966388601311], [35.84930108742481, 128.61963056465876], [35.84867893482512, 128.61958614144214], [35.84867893482512, 128.61958614144214], [35.84864839036328, 128.6199999947388], [35.848623400571974, 128.620399960215], [35.848623400571974, 128.620399960215], [35.848676172477255, 128.62040551381273], [35.84866784111213, 128.6204610647086], [35.848653955384044, 128.62054716862426], [35.84862618766841, 128.62092213637914], [35.84860119741618, 128.62129710405682], [35.848598421028946, 128.62135543233137], [35.84857620706156, 128.62166651666826], [35.848559546688556, 128.62190538498737], [35.84855399340171, 128.62199426620447], [35.84854566321522, 128.62211370036405], [35.84854566408635, 128.62216091842845], [35.84852067439812, 128.62256643897177], [35.848509568234455, 128.62276642167163], [35.84850956854192, 128.62278308687084], [35.84850956884939, 128.62279975207005], [35.84848180297914, 128.623274711021], [35.848523465338744, 128.62329693012703], [35.848523465338744, 128.62329693012703], [35.848392925741834, 128.62336081702415], [35.848392925741834, 128.62336081702415], [35.84805407906131, 128.62356914144587], [35.847829107146545, 128.62371080190113], [35.8477235647193, 128.6237746881025], [35.84766801699039, 128.62385801564483], [35.84762635637308, 128.62393023266782], [35.84745415554368, 128.62403300618945], [35.84706809229373, 128.62425799712472], [35.846873672065115, 128.62437743646404], [35.846873672065115, 128.62437743646404], [35.84643483224593, 128.62434411827928], [35.84640705745901, 128.6243357864527], [35.84640705745901, 128.6243357864527], [35.84605709651705, 128.62430524332726], [35.84605709651705, 128.62430524332726], [35.8459459978305, 128.6242969138196], [35.845576594542585, 128.62426081616854], [35.84487111778233, 128.62420250760437], [35.84402398998177, 128.62412198271554], [35.84396010827398, 128.62411920696002], [35.841940889203464, 128.62394427855492], [35.84188533983426, 128.62393872503412], [35.840674363871685, 128.6238332124658], [35.840499382707705, 128.62378044420294], [35.84005776542147, 128.6237471260911], [35.840041100231524, 128.6237249062889], [35.840041100231524, 128.6237249062889], [35.8399938842257, 128.62377212566753], [35.8399938842257, 128.62377212566753], [35.839974442340946, 128.62379156894107], [35.83994944496592, 128.62378045950362], [35.83994944496592, 128.62378045950362], [35.839702250369655, 128.62376102364846], [35.839702250369655, 128.62376102364846], [35.83967169852904, 128.6237749121646], [35.83965781177591, 128.62380546541652], [35.83965781177591, 128.62380546541652], [35.83964670448431, 128.6239443423873], [35.83964670448431, 128.6239443423873], [35.83964115083851, 128.62401378087264], [35.83961615771605, 128.62423320669356], [35.83961615771605, 128.62423320669356], [35.83960227347351, 128.62439985907395], [35.83960227347351, 128.62439985907395], [35.83960227419082, 128.6244387445392], [35.839580054791476, 128.62445541035683], [35.839580054791476, 128.62445541035683], [35.83951617395431, 128.6244998526659], [35.83951617395431, 128.6244998526659], [35.83948562098648, 128.62445263545095], [35.83915787985044, 128.62442764677027], [35.83887457807659, 128.62439987931984], [35.83760527517339, 128.62428325823635], [35.83706922387504, 128.62423605508374], [35.83637763442336, 128.62417774612445], [35.83634708227519, 128.62417496944107], [35.83634708227519, 128.62417496944107], [35.83632763998045, 128.62417219244867], [35.83566938003719, 128.6241111050282], [35.83552495168627, 128.62409722137943], [35.83552495168627, 128.62409722137943], [35.835461069977725, 128.62409444562314], [35.834894466529626, 128.62404446578532]], [[35.87001549532909, 128.6243379065393], [35.86918225369442, 128.62419349803292], [35.86918225369442, 128.62419349803292], [35.86924613099055, 128.6239574059359], [35.86935722188021, 128.62354355040233], [35.86937666345628, 128.6235074419298], [35.86937666345628, 128.6235074419298], [35.869240567194105, 128.62347689285718], [35.869240567194105, 128.62347689285718], [35.86918501772444, 128.62346578427235], [35.86918501772444, 128.62346578427235], [35.86922389636477, 128.62314914441092], [35.86922389636477, 128.62314914441092], [35.86889059970063, 128.62309082550107], [35.86836010248043, 128.6229964041543], [35.867671289547964, 128.62288532201876], [35.86757407766828, 128.6228492167961], [35.86756019030084, 128.62284643964983], [35.86752408240724, 128.62279922259228], [35.86752408240724, 128.62279922259228], [35.8675129722467, 128.62278255770292], [35.86750741706389, 128.62276867019193], [35.86750741706389, 128.62276867019193], [35.86719911813211, 128.6227409034493], [35.86719911813211, 128.6227409034493], [35.86719634143789, 128.62278256652388], [35.867093595087674, 128.62385469718168], [35.867093595087674, 128.62385469718168], [35.86667419788235, 128.62384082120005], [35.866340902191034, 128.62383527541897], [35.86630479532271, 128.62384360902433], [35.86627424338087, 128.62385194247491], [35.866227026813384, 128.6238686089892], [35.86620758451943, 128.62386583199768], [35.86584929176125, 128.62386584197907], [35.86556876781991, 128.62385751719438], [35.865538215724236, 128.62385751804547], [35.86548266666443, 128.62386862972556], [35.86509937673668, 128.62386864040295], [35.86487162480179, 128.62387142428054], [35.86477996851467, 128.62387142683374], [35.86468553476428, 128.62387142946434], [35.86447444755748, 128.62387143534443], [35.86359676922191, 128.6238742373257], [35.86322458924868, 128.62387980275898], [35.863135710424594, 128.62387980523462], [35.86301627945344, 128.62387703102812], [35.862716313422, 128.6238770393833], [35.86264132191412, 128.6238770414721], [35.862530223230124, 128.62386871196708], [35.862285806514876, 128.62387149630803], [35.86208582916039, 128.623871501878], [35.8619025165854, 128.62387150698373], [35.8617858630773, 128.62386873269963], [35.861669209620445, 128.62386873594872], [35.861669209620445, 128.62386873594872], [35.861533113972015, 128.62387151727242], [35.86150811654637, 128.6238576303028], [35.8614942289225, 128.6238409654906], [35.86148867348336, 128.62381319031368], [35.86148867322704, 128.62379930264785], [35.86148867322704, 128.62379930264785], [35.86134980011533, 128.62380208404886], [35.86134980011533, 128.62380208404886], [35.86134701245102, 128.6232493550263], [35.86134701183589, 128.6232160246283], [35.8613497817126, 128.62280494964264], [35.86132478413319, 128.6227827300735], [35.861310896560596, 128.62276884279447], [35.861310896560596, 128.62276884279447], [35.860955381058346, 128.622757742563], [35.86090816392663, 128.62274385621214], [35.86090816392663, 128.62274385621214], [35.860808174736654, 128.62271608366515], [35.860494321234356, 128.62270775980633], [35.86031656358557, 128.6227077647567], [35.859622197410786, 128.62268834136165], [35.85958053623067, 128.6227300055194], [35.85958053623067, 128.6227300055194], [35.85961108125307, 128.62234670509127], [35.85961108125307, 128.62234670509127], [35.85961385794748, 128.6223050420164], [35.85961385794748, 128.6223050420164], [35.85916113087135, 128.62227450175874], [35.85916113087135, 128.62227450175874], [35.85916946172346, 128.6221911755316], [35.85917223841789, 128.62214951245673], [35.859194453510995, 128.62189953385277], [35.85922499812366, 128.62149401315938], [35.85922499812366, 128.62149401315938], [35.8591222315728, 128.62147179575567], [35.859050017322865, 128.62146068763386], [35.859047239859606, 128.62146068771122], [35.85885837199871, 128.6214412502382], [35.85846952626996, 128.62139404300183], [35.85841953187987, 128.62139126686074], [35.85813900747467, 128.6213579442738], [35.85785015067956, 128.62132462191877], [35.85775571672335, 128.6213135144155], [35.85751685447199, 128.62129130080092], [35.85704746241013, 128.62124965087273], [35.857033575093766, 128.6212496512594], [35.857003023459015, 128.62127464990863], [35.85700302366402, 128.62128576004133], [35.85700302366402, 128.62128576004133], [35.85691414478801, 128.6212829849828], [35.85691414478801, 128.6212829849828], [35.856914144685504, 128.62127742991643], [35.85690858934894, 128.6212552098057], [35.85687248191637, 128.62123299054562], [35.856828042452726, 128.62123021424975], [35.856828042452726, 128.62123021424975], [35.856664171812014, 128.62121355361327], [35.856494746295965, 128.62119967066454], [35.85632254326535, 128.62118301025998], [35.85615867267578, 128.62116912715652], [35.85599202462289, 128.62115524413036], [35.85588370335006, 128.62114413701343], [35.85582259905544, 128.6211385836483], [35.855655951002475, 128.62112470062206], [35.85548930284698, 128.6211052625294], [35.85547819299387, 128.6211052628387], [35.85547819299387, 128.6211052628387], [35.85540042386829, 128.62109693240433], [35.85540042386829, 128.62109693240433], [35.85532265479395, 128.62109137950307], [35.8552671053746, 128.62108304845003], [35.85515600668963, 128.6210747189435], [35.854994913511845, 128.62105805822927], [35.85497269375434, 128.62105528131468], [35.85486992745917, 128.62104695157612], [35.85482271048088, 128.62104139782426], [35.85465883983974, 128.62102473718724], [35.85452274388264, 128.62101085331014], [35.85440609021975, 128.62099974642496], [35.85422833226209, 128.62098308617442], [35.85415611806295, 128.62097475558522], [35.85415611806295, 128.62097475558522], [35.85414501113093, 128.6211330752859], [35.85414501113093, 128.6211330752859], [35.85387281942149, 128.62111641766427], [35.85387281942149, 128.62111641766427], [35.853872819216505, 128.6211053075315], [35.85384782199568, 128.6211025306942], [35.85384782199568, 128.6211025306942], [35.853625624522806, 128.6210803166143], [35.85338120729231, 128.6210553256197], [35.852864598198195, 128.6210053444033], [35.852536856914995, 128.62097202312825], [35.852350766567014, 128.6209553631092], [35.852236890367074, 128.6209442561463], [35.85184804478866, 128.62090538150542], [35.85144808935688, 128.62086650717353], [35.85141753720939, 128.62086373049075], [35.85135643424675, 128.62093039298816], [35.85135088034504, 128.6209859438066], [35.85135088034504, 128.6209859438066], [35.85122589418927, 128.6209692820864], [35.85122589418927, 128.6209692820864], [35.851228670320225, 128.6208970661461], [35.85119533978705, 128.62084429394315], [35.851145345293986, 128.62083596273516], [35.85097314226215, 128.62081930232912], [35.8508564885987, 128.62080819544332], [35.850725947567504, 128.62079431141078], [35.850689840493395, 128.62079153488258], [35.850689840493395, 128.62079153488258], [35.85066206319579, 128.62064710392963], [35.85064817582806, 128.62064432678298], [35.85064817582806, 128.62064432678298], [35.85028432731608, 128.6205998963789], [35.84990103676579, 128.62056657664854], [35.84990103676579, 128.62056657664854], [35.849923248222396, 128.6201193931858], [35.84994823760359, 128.61969720744463], [35.84994823760359, 128.61969720744463], [35.84962605124592, 128.61966388601311], [35.84962605124592, 128.61966388601311], [35.84970102062016, 128.61846398958676]], [[35.874353461100874, 128.60093984676374], [35.87442011519655, 128.60066764666556], [35.874539536943004, 128.60017046491853], [35.87457008668139, 128.60004269754612], [35.874617301403774, 128.59992603984205], [35.874617301403774, 128.59992603984205], [35.874217343119895, 128.59973162366242], [35.874217343119895, 128.59973162366242], [35.874159021567245, 128.60001215612763], [35.87410347696552, 128.60026491318476], [35.87398683421904, 128.6008454208472], [35.8739479532182, 128.6010342941796], [35.8739479532182, 128.6010342941796], [35.87393684413393, 128.60107595748525], [35.87395906537633, 128.6011592828591], [35.87397573118006, 128.60121483305676], [35.87397573118006, 128.60121483305676], [35.87391740896162, 128.60145925759232], [35.87391740896162, 128.60145925759232], [35.87387019254859, 128.6014842567048], [35.873809089434424, 128.601542586601], [35.8737979802477, 128.60157869484047], [35.87381464538543, 128.60159813710803], [35.873828533111215, 128.60162035698605], [35.87382020118275, 128.60164535501585], [35.87382020118275, 128.60164535501585], [35.87357580686268, 128.60286192131392], [35.87357025249989, 128.60289247433258], [35.87355358869423, 128.6029452479253], [35.873498042607046, 128.60311745652365], [35.873395279645685, 128.60328966643684], [35.87320363924564, 128.60353687221837], [35.8731064304421, 128.6036674189806], [35.87307865642503, 128.6037007501511], [35.87304255150423, 128.6038146300133], [35.873025889081944, 128.6039423969996], [35.87298145407721, 128.60418126608306], [35.87298145407721, 128.60418126608306], [35.87294256943884, 128.60417293456655], [35.87279258601665, 128.60415071847822], [35.87279258601665, 128.60415071847822], [35.87274814942358, 128.60430348403582], [35.872734263439774, 128.604375700283], [35.872734263439774, 128.604375700283], [35.87267872011941, 128.60469789566883], [35.872662056672425, 128.60477011199333], [35.872662056672425, 128.60477011199333], [35.8726342826041, 128.60480066563082], [35.87263706114329, 128.60485899374848], [35.87265373294202, 128.6052395153186], [35.87265651127626, 128.60528673330387], [35.87266206717618, 128.60533950627803], [35.87270652216401, 128.60618387510206], [35.872703745674386, 128.60623664830828], [35.872698192285206, 128.60631997445591], [35.87270652682689, 128.606436630614], [35.87272041701236, 128.60659217208078], [35.87272874996559, 128.60662272471285], [35.87273708297007, 128.606656054878], [35.87275930708238, 128.60689492210568], [35.872806530361956, 128.60724211242817], [35.87283152973414, 128.60736154565532], [35.87284264035556, 128.6074032083424], [35.87299263541033, 128.60805592444396], [35.87301485711443, 128.60816424761606], [35.8730593004714, 128.60837811642716], [35.873081522278014, 128.60849199466546], [35.873106522265275, 128.60864475828984], [35.873148186673, 128.6087780787184], [35.87319262890267, 128.60893084180125], [35.873242628672344, 128.60922525891763], [35.87348151203149, 128.6103918161678], [35.87353428465221, 128.6104362552276], [35.87353428465221, 128.6104362552276], [35.87351762135928, 128.61051680415176], [35.87351762135928, 128.61051680415176], [35.873514844459834, 128.61054735709325], [35.87352873264707, 128.6105945747692], [35.87355650809903, 128.61063901452525], [35.87355650809903, 128.61063901452525], [35.87367317211096, 128.61121118309538], [35.87367317211096, 128.61121118309538], [35.87366484018264, 128.6112361811254], [35.87367317318725, 128.61126951129057], [35.873692617377195, 128.611375057007], [35.87386483470245, 128.61216664914517], [35.87386483470245, 128.61216664914517], [35.8738731679121, 128.61221108944275], [35.873934277176595, 128.61248606351808], [35.873934277176595, 128.61248606351808], [35.87399261025934, 128.61283047599846], [35.87399261025934, 128.61283047599846], [35.87399816569828, 128.61285825117477], [35.87399816569828, 128.61285825117477], [35.87374264077553, 128.61294991688547], [35.87374264077553, 128.61294991688547], [35.8737704180728, 128.61309434783337], [35.873875970849184, 128.6135915233195], [35.873923192746744, 128.6138637202488], [35.87394541552778, 128.61403037161634], [35.87394819355482, 128.61406092440316], [35.87394819427242, 128.61409980986667], [35.87394542649705, 128.61462476370173], [35.87394265016155, 128.61468586950753], [35.87394265016155, 128.61468586950753], [35.87394543218683, 128.614933069877], [35.87394543218683, 128.614933069877], [35.8739454333658, 128.61499695313853], [35.8739454333658, 128.61499695313853], [35.87395099516104, 128.61536914242063], [35.87398988620723, 128.6157246655756], [35.87405932888738, 128.61605519008145], [35.87405932888738, 128.61605519008145], [35.87409543739558, 128.61613573753573], [35.87409543739558, 128.61613573753573], [35.87420098812271, 128.61652181169782], [35.874264873979925, 128.61674956763324], [35.874359313470315, 128.61706064871078], [35.8744037561112, 128.61723563205877], [35.87443431030827, 128.61734951006514], [35.87443431030827, 128.61734951006514], [35.874453753986096, 128.61742728045064], [35.87443709074485, 128.61751060690835], [35.87437598716961, 128.61754393900824], [35.87437598716961, 128.61754393900824], [35.874478758998556, 128.6178522423206], [35.874478758998556, 128.6178522423206], [35.87439821338597, 128.61789668509468], [35.87438988120143, 128.61790779545933], [35.87429544822155, 128.61794946108728], [35.873884388025125, 128.61818556285556], [35.87375940336004, 128.6182494495997], [35.87350665682295, 128.61839111083094], [35.87337889489965, 128.61846610778494], [35.87285395932622, 128.6187355431235], [35.872473450762726, 128.61894664624256], [35.872473450762726, 128.61894664624256], [35.87245123131336, 128.61896053452722], [35.872437344868835, 128.61900775297724], [35.87242345832177, 128.619049416361], [35.87243456878981, 128.61908274644892], [35.87243456878981, 128.61908274644892], [35.87261511317779, 128.61958547491415], [35.872634556445604, 128.6196410250349], [35.87265955499873, 128.61971601773277], [35.87270122233003, 128.6200076575499], [35.87269011714263, 128.6202604133738], [35.872690117398975, 128.6202743010394], [35.87264012547081, 128.6204048464893], [35.87262623846236, 128.62042151207498], [35.8726151289684, 128.6204409551164], [35.872529032376875, 128.62069926809616], [35.87251792308798, 128.6207298212701], [35.8724762634982, 128.62085758895475], [35.87238461249298, 128.6211436774207], [35.87233184381941, 128.62131310841187], [35.87227074306384, 128.62149920483404], [35.87221519692708, 128.62166863590272], [35.87219853317321, 128.62172418702963], [35.87219853317321, 128.62172418702963], [35.87209299141679, 128.6218241811632], [35.87194578894263, 128.62199083725272], [35.87194578894263, 128.62199083725272], [35.87189580260315, 128.62242413381415], [35.871854147269055, 128.622782436749], [35.87181249193503, 128.62314073968395], [35.871770836601094, 128.62349904261904], [35.87176528249505, 128.62354348330393], [35.87174584066271, 128.6235657041108], [35.87170973384596, 128.62357681524946], [35.87167084930962, 128.62357403879986], [35.87167084930962, 128.62357403879986], [35.871631970721126, 128.62389345619383], [35.871631970721126, 128.62389345619383], [35.87150976198052, 128.62387401686735], [35.87133755869682, 128.6238434688014], [35.87110425106839, 128.62380458983867], [35.87094871251267, 128.6237712637751], [35.87094871251267, 128.6237712637751], [35.870870954720246, 128.624376768166], [35.870870956873794, 128.6244934245578], [35.870870956873794, 128.6244934245578], [35.87079874247106, 128.6244739838381], [35.87050433044633, 128.62442399644547], [35.87050433044633, 128.62442399644547], [35.87001549532909, 128.6243379065393]], [[35.86675132561552, 128.5890772145438], [35.86706795483265, 128.58899110220926], [35.867167942790886, 128.58895221396432], [35.86719571803721, 128.58898554358856], [35.86719571803721, 128.58898554358856], [35.86736791937287, 128.58891054540447], [35.867448465191096, 128.58887721276656], [35.867631776379454, 128.58880221427333], [35.867745651397556, 128.5887494379766], [35.867745651397556, 128.5887494379766], [35.86783453042449, 128.58876054563612], [35.86789285822668, 128.5888188722081], [35.86817616515529, 128.58912717049785], [35.8682317150847, 128.58916327688237], [35.86883998382404, 128.58939657273703], [35.86928715683087, 128.58947433122097], [35.869295489220434, 128.58947433098913], [35.86940936521108, 128.58947432782057], [35.86952046322649, 128.5894465493985], [35.86969544151269, 128.58934377580587], [35.87001484645073, 128.5891632272684], [35.870162050616976, 128.58908822977935], [35.870162050616976, 128.58908822977935], [35.870209273174574, 128.58939653463676], [35.87030371869964, 128.59003536461617], [35.87039260919626, 128.59066863968417], [35.870442609831926, 128.5910102748613], [35.87046483250738, 128.5911713711614], [35.870609278823004, 128.59216016891773], [35.87070372445196, 128.59280455396387], [35.870720391381916, 128.59292120988945], [35.8707453918793, 128.59310174884388], [35.870762058809284, 128.59321840476943], [35.870784281536245, 128.59338227860272], [35.87083150394131, 128.5936822508613], [35.87083983761118, 128.5937516889564], [35.87084261614983, 128.5938100170738], [35.870814841978884, 128.59383501564452], [35.870814841978884, 128.59383501564452], [35.87099538067088, 128.59402943793555], [35.87117591956773, 128.5942349703588], [35.87117591956773, 128.5942349703588], [35.87118425180365, 128.59422663752764], [35.87122591303443, 128.59418775090495], [35.871589762196784, 128.59426828923736], [35.87191472666956, 128.59433771851954], [35.871925836624726, 128.59434327327642], [35.871973053703684, 128.59435438209454], [35.87203138063537, 128.5943654906034], [35.87203138063537, 128.5943654906034], [35.872145256984325, 128.59438493016532], [35.872145256984325, 128.59438493016532], [35.87217580913054, 128.594387706848], [35.87259243014412, 128.59447102124398], [35.87290906212454, 128.5945348956913], [35.873211806737736, 128.594595992992], [35.87323680395755, 128.59459876982925], [35.873756191620295, 128.59470985669452], [35.8738089636255, 128.59472096535782], [35.87442000787992, 128.5948487148695], [35.87443111778383, 128.59485149209328], [35.874486667252164, 128.5948626006792], [35.87458665618249, 128.5948764855611], [35.874781079475284, 128.59492369821095], [35.874781079475284, 128.59492369821095], [35.8748282966053, 128.59493758456188], [35.87486162672678, 128.5949681364978], [35.87489217938509, 128.59499868851103], [35.87489217938509, 128.59499868851103], [35.87490051249169, 128.59503757374208], [35.87490606803267, 128.5950709039843], [35.87480886460718, 128.59549309171732], [35.87480053288354, 128.5955291998792], [35.87476165177972, 128.59571251814444], [35.87460057382127, 128.5965207847534], [35.87455891592027, 128.59674021102614], [35.87454780704081, 128.59679298446383], [35.874447827176965, 128.59727072293649], [35.8743172980869, 128.5979040041123], [35.87419232330867, 128.59850395473697], [35.87419232330867, 128.59850395473697], [35.87445062902349, 128.59859282860387], [35.87445062902349, 128.59859282860387], [35.874217343119895, 128.59973162366242], [35.874217343119895, 128.59973162366242], [35.874617301403774, 128.59992603984205], [35.874617301403774, 128.59992603984205], [35.87457008668139, 128.60004269754612], [35.874539536943004, 128.60017046491853], [35.87442011519655, 128.60066764666556], [35.874353461100874, 128.60093984676374]]]}','데일리 코스',11631,'https://crewin-bucket.s3.ap-northeast-2.amazonaws.com/crewin/dba3079c-fab9-41f6-9403-267590579263.webp','대구광역시 남구 대명동'),(3,4,'{\"markers\": [{\"point\": [36.0980963, 128.4020803], \"title\": \"경유지 1\"}, {\"point\": [36.0938311, 128.4028527], \"title\": \"경유지 2\"}, {\"point\": [36.0896696, 128.4028527], \"title\": \"경유지 3\"}, {\"point\": [36.0867564, 128.3990762], \"title\": \"경유지 4\"}, {\"point\": [36.0823167, 128.3955113], \"title\": \"경유지 5\"}, {\"point\": [36.0770447, 128.3919922], \"title\": \"경유지 6\"}, {\"point\": [36.0691361, 128.3923356], \"title\": \"경유지 7\"}, {\"point\": [36.0615042, 128.3943955], \"title\": \"경유지 8\"}, {\"point\": [36.0566471, 128.3995453], \"title\": \"경유지 9\"}], \"polylines\": [[[36.09809107729853, 128.40209282925295], [36.09800775312993, 128.40207616638816], [36.09792720662778, 128.40207061357387], [36.09792720662778, 128.40207061357387], [36.09794942244087, 128.4018595205198], [36.09794942244087, 128.4018595205198], [36.09762723239557, 128.40161788423293], [36.09762723239557, 128.40161788423293], [36.09751613437271, 128.4016428851241], [36.09751613437271, 128.4016428851241], [36.09741614471631, 128.40158733727637], [36.09733837536961, 128.40156511919227], [36.09729393592541, 128.40156234290143], [36.09724394165925, 128.40156512182975], [36.09711895647927, 128.4015984557048], [36.097038409874855, 128.40158734782634], [36.09696619586102, 128.40158734984325], [36.0969106467218, 128.4015929064587], [36.09684954311829, 128.4016234610175], [36.09678843966807, 128.40166234817238], [36.0967606658138, 128.40170401192844], [36.09672178170246, 128.4017234557386], [36.096669010025295, 128.4017290122765], [36.096616237990446, 128.40171512609027], [36.09658568554998, 128.40169568421936], [36.09652180233835, 128.4016095825108], [36.09652180233835, 128.4016095825108], [36.0964051513328, 128.40174012977386], [36.09623573033617, 128.4019678921316], [36.09618018206552, 128.4020206667915], [36.09609685896972, 128.40206233209898], [36.0959579868879, 128.402117886618], [36.09584966653121, 128.40215399755954], [36.09574412404533, 128.40221232867972], [36.095702462931726, 128.4022567703557], [36.09564969232748, 128.40232065506615], [36.09559414538526, 128.40244564555874], [36.095566371633126, 128.4024928643789], [36.09552471016184, 128.4025178633307], [36.095471938433455, 128.40252064233655], [36.09529695699406, 128.40244843139067], [36.0952191878004, 128.40243454590242], [36.09511086621728, 128.40240399607524], [36.09501643230222, 128.40239288858444], [36.094963660624906, 128.40239844512226], [36.09488311488884, 128.40243455528807], [36.09467758550514, 128.40258732528966], [36.09451093997737, 128.402706763821], [36.09433596145017, 128.4027928722006], [36.09419431211025, 128.40285953692523], [36.09410265611698, 128.40287342714507], [36.09405821682584, 128.40287898345014], [36.09391934331289, 128.40285676707214], [36.093833241426246, 128.40282621662425]], [[36.08268438758898, 128.39624933195756], [36.08265661587865, 128.39640765205976], [36.08265106218004, 128.3964743129841], [36.082651063712085, 128.3965576389458], [36.0826538421445, 128.3966104119774], [36.082681619778754, 128.39677428559372], [36.08268717506047, 128.39679372816312], [36.08270106272856, 128.39681317049997], [36.08272883770723, 128.39683261244937], [36.08274550278637, 128.39684927717667], [36.08275383563235, 128.3968742747327], [36.08275661396265, 128.39692149270016], [36.08274828576398, 128.39714925056134], [36.08273162282977, 128.39724924218044], [36.082639971788915, 128.397532553008], [36.08252054663758, 128.3978436399313], [36.08249832857487, 128.39793252157727], [36.08245389454338, 128.39822416368364], [36.08232058392009, 128.39863524214897], [36.08229281037136, 128.39869357109734], [36.082262258951936, 128.3987296798667], [36.082095613114134, 128.39883245320345], [36.08170955032193, 128.39907410926628], [36.08137348128599, 128.39928521108138], [36.08089854067553, 128.39957964273376], [36.08053191986212, 128.3998074105939], [36.08022640229613, 128.39998518117176], [36.080073643462, 128.4000712889286], [36.080051423969216, 128.4000823996769], [36.07997643376839, 128.40015184007126], [36.07975979545012, 128.40035460595772], [36.07958204149955, 128.40055181569505], [36.07947650044092, 128.40068791771176], [36.07941262013965, 128.40076013532823], [36.079268193589584, 128.40084068778853], [36.079259862377846, 128.40090457125876], [36.079259862377846, 128.40090457125876], [36.07917653769652, 128.4008601330706], [36.07917653769652, 128.4008601330706], [36.07916264926222, 128.40079902775247], [36.07911820808046, 128.40070181536984], [36.07885712020432, 128.40035185361333], [36.07867935833741, 128.40011854587888], [36.07855159201474, 128.39995189751923], [36.07821828833568, 128.39950472415444], [36.07807663511092, 128.39936029643866], [36.078032195257045, 128.39933529988986], [36.078032195257045, 128.39933529988986], [36.07798775376898, 128.39922142231458], [36.0778794277919, 128.3989520047254], [36.07775999140458, 128.39865203459328], [36.0776711085818, 128.39843261203896], [36.07765444314509, 128.3983965045869], [36.07759055840082, 128.39822707691252], [36.077185030238574, 128.39721051148587], [36.076773946080685, 128.39613561804015], [36.076715616567384, 128.39598285540308], [36.07648785374504, 128.3953884698923], [36.07646563297568, 128.39533014233857], [36.076426746616534, 128.3952273747365], [36.07627120153744, 128.3948357470526], [36.0758323412287, 128.39367752841838], [36.07579901015136, 128.39359420338582], [36.07570179438153, 128.39334422821062], [36.0754851420728, 128.3927859503063], [36.07544070196378, 128.3927470660967], [36.07541570444713, 128.39272762406935], [36.07538237433984, 128.3926970721461], [36.075374041493944, 128.39267207458985], [36.075332377519736, 128.39256097446886], [36.07514627877541, 128.39208324414236], [36.074979623032014, 128.39164717625462], [36.074979623032014, 128.39164717625462], [36.075374018725554, 128.39143329528625], [36.07541012532501, 128.39141107402276], [36.075615655532566, 128.39130274454013], [36.07563509761441, 128.39129441140173], [36.07588228929455, 128.3911610829687], [36.07591561838078, 128.39113608425052], [36.075935060360514, 128.39112219604797], [36.0759850537091, 128.39106942154442], [36.07600727299781, 128.39104720066825], [36.07615169898707, 128.39093609535772], [36.07620447005303, 128.39089720843705], [36.0765488717336, 128.3906999940554], [36.07656831407065, 128.3907055485773], [36.07671830437714, 128.3911055090117]], [[36.07671830437714, 128.3911055090117], [36.07656831407065, 128.3907055485773], [36.0765488717336, 128.3906999940554], [36.07620447005303, 128.39089720843705], [36.07615169898707, 128.39093609535772], [36.07600727299781, 128.39104720066825], [36.0759850537091, 128.39106942154442], [36.075935060360514, 128.39112219604797], [36.07591561838078, 128.39113608425052], [36.07588228929455, 128.3911610829687], [36.07563509761441, 128.39129441140173], [36.075615655532566, 128.39130274454013], [36.07541012532501, 128.39141107402276], [36.075374018725554, 128.39143329528625], [36.074979623032014, 128.39164717625462], [36.074979623032014, 128.39164717625462], [36.07514627877541, 128.39208324414236], [36.075332377519736, 128.39256097446886], [36.075374041493944, 128.39267207458985], [36.07538237433984, 128.3926970721461], [36.07541570444713, 128.39272762406935], [36.07544070196378, 128.3927470660967], [36.07544070196378, 128.3927470660967], [36.075290720641675, 128.39283595130593], [36.075290720641675, 128.39283595130593], [36.075257393648535, 128.39297482883913], [36.07521017725155, 128.39299982794464], [36.074813003789416, 128.3931970437989], [36.074107534376886, 128.39352203472671], [36.073804793504046, 128.39365814224158], [36.07367147644392, 128.39371925166537], [36.07344094897421, 128.39382202678132], [36.07343539410096, 128.3938248044683], [36.07321319911973, 128.39393313441605], [36.072507729909546, 128.39426923547197], [36.07198557115902, 128.39449423013238], [36.07157173307497, 128.3946997790474], [36.07151340693115, 128.3947303335269], [36.07135231555522, 128.39480810891766], [36.07070239533091, 128.39513032076388], [36.070341329231354, 128.39534697833568], [36.0701191355763, 128.3955275241178], [36.0701191355763, 128.3955275241178], [36.0701552328849, 128.39499979201324], [36.070207995885546, 128.39452205502192], [36.07028575752624, 128.39412486576438], [36.07030241918528, 128.3939554358422], [36.07038572645991, 128.39305273558986], [36.07038849667358, 128.39265832595595], [36.07033294355089, 128.39244723506616], [36.07029127983188, 128.39235002260477], [36.070263504801886, 128.39232780312244], [36.070230174898626, 128.3923083613271], [36.070163515449394, 128.39228892046106], [36.06983021953031, 128.39226393196506], [36.06979411272635, 128.39227504310014], [36.06970801262429, 128.39234170627088], [36.06967190648388, 128.39238892532308], [36.06960525091395, 128.3925805768958]], [[36.08585908761482, 128.39955728403766], [36.08550636090848, 128.4001544632746], [36.08523417825372, 128.4006238737893], [36.08523417825372, 128.4006238737893], [36.085136965547306, 128.40054055054094], [36.08483421717096, 128.40026836084937], [36.08461757129502, 128.40006005199172], [36.08454535579873, 128.3999795055776], [36.08438703708695, 128.3997961928804], [36.08423149609269, 128.3996267677659], [36.08418705583051, 128.3995795509612], [36.08416761288062, 128.399540666055], [36.08393430151695, 128.3992934722132], [36.08360933186039, 128.39893517964688], [36.08360933186039, 128.39893517964688], [36.0835010136979, 128.39909072446514], [36.0835010136979, 128.39909072446514], [36.083478793949865, 128.3990879475532], [36.083451019481885, 128.39909628092448], [36.0834260225271, 128.3991073917503], [36.08340935831619, 128.39913794506808], [36.08340935831619, 128.39913794506808], [36.0830816170709, 128.39909906876562], [36.0830816170709, 128.39909906876562], [36.083081615589755, 128.39901852033591], [36.0830649498977, 128.39896852522386], [36.0830371746636, 128.39893519561426], [36.0830371746636, 128.39893519561426], [36.083026060218515, 128.3986852180389], [36.083026060218515, 128.3986852180389], [36.08299828600589, 128.3987074390705], [36.082776091385504, 128.39883521174602], [36.08246501920284, 128.3990296476713], [36.08179288077412, 128.3994324085774], [36.08136237889409, 128.39969073107306], [36.08091243498315, 128.39996016423956], [36.08041249751957, 128.40027126178225], [36.08019585792464, 128.400404589367], [36.08006254168297, 128.4005101393059], [36.07989034214605, 128.40067957356757], [36.079737585150475, 128.4008656724792], [36.07965148653114, 128.40101288408175], [36.07953483700298, 128.40122397977458], [36.07953483700298, 128.40122397977458], [36.079295969845305, 128.4009295680399], [36.079270972328544, 128.40091012601292], [36.079259862377846, 128.40090457125876], [36.079259862377846, 128.40090457125876], [36.079268193589584, 128.40084068778853], [36.07941262013965, 128.40076013532823], [36.07947650044092, 128.40068791771176], [36.07958204149955, 128.40055181569505], [36.07975979545012, 128.40035460595772], [36.07997643376839, 128.40015184007126], [36.080051423969216, 128.4000823996769], [36.080073643462, 128.4000712889286], [36.08022640229613, 128.39998518117176], [36.08053191986212, 128.3998074105939], [36.08089854067553, 128.39957964273376], [36.08137348128599, 128.39928521108138], [36.08170955032193, 128.39907410926628], [36.082095613114134, 128.39883245320345], [36.082262258951936, 128.3987296798667], [36.08229281037136, 128.39869357109734], [36.08232058392009, 128.39863524214897], [36.08245389454338, 128.39822416368364], [36.08249832857487, 128.39793252157727], [36.08252054663758, 128.3978436399313], [36.082639971788915, 128.397532553008], [36.08273162282977, 128.39724924218044], [36.08274828576398, 128.39714925056134], [36.08275661396265, 128.39692149270016], [36.08275383563235, 128.3968742747327], [36.08274550278637, 128.39684927717667], [36.08272883770723, 128.39683261244937], [36.08270106272856, 128.39681317049997], [36.08268717506047, 128.39679372816312], [36.082681619778754, 128.39677428559372], [36.0826538421445, 128.3966104119774], [36.082651063712085, 128.3965576389458], [36.08265106218004, 128.3964743129841], [36.08265661587865, 128.39640765205976], [36.08268438758898, 128.39624933195756]], [[36.089658718251584, 128.4029540996651], [36.089278204973, 128.40290133718025], [36.089014345409105, 128.40286523663048], [36.08878937041675, 128.4028346900591], [36.088303313373395, 128.4027708203921], [36.08801723411232, 128.40273472046226], [36.08796446223011, 128.40272916687144], [36.08772837764447, 128.4027125082701], [36.08772837764447, 128.4027125082701], [36.087625611393214, 128.40270417854293], [36.087536731022055, 128.40261807753058], [36.08722009467108, 128.40230978031204], [36.08684513064521, 128.40194871161242], [36.08675069565635, 128.40187927594727], [36.08667014813128, 128.40181817249052], [36.0863146284346, 128.40157098206186], [36.08615631105089, 128.40145988519893], [36.08605076585598, 128.4013710071193], [36.0857202422966, 128.4010682653512], [36.085542481656454, 128.40090161838958], [36.08523417825372, 128.4006238737893], [36.08523417825372, 128.4006238737893], [36.08550636090848, 128.4001544632746], [36.08585908761482, 128.39955728403766]], [[36.093833241426246, 128.40282621662425], [36.0937776917758, 128.40280399791928], [36.09366381537048, 128.40277900331105], [36.09353605104159, 128.40272067870623], [36.09346383672081, 128.40270401553065], [36.093380513318074, 128.40272901564583], [36.09335273864612, 128.4027262388894], [36.09314442812105, 128.40267902666193], [36.0930944337524, 128.402676250526], [36.09303055253314, 128.40269847256616], [36.09300277801446, 128.40270402840585], [36.09300277801446, 128.40270402840585], [36.092969447703005, 128.40266236635603], [36.09291389830798, 128.40265403531112], [36.092822242570016, 128.40268181319095], [36.09272503190786, 128.4027095912259], [36.09261393398634, 128.40274014718068], [36.09255282982038, 128.40274014888698], [36.09251950012203, 128.40273181722156], [36.092441730161674, 128.40267626875246], [36.09237507025403, 128.40263183010126], [36.092233420300566, 128.40266516444115], [36.092233420300566, 128.40266516444115], [36.092236198375765, 128.40269849474805], [36.0922306440136, 128.40272904775557], [36.09221398005854, 128.40277348873354], [36.092172319251226, 128.40283459560175], [36.09213899037034, 128.40287070444896], [36.09209177428119, 128.402912368748], [36.09209177428119, 128.402912368748], [36.09216954889107, 128.40322067263273], [36.09216954889107, 128.40322067263273], [36.092025121015595, 128.40322900926188], [36.092025121015595, 128.40322900926188], [36.09193624227975, 128.4032317892758], [36.09190013527255, 128.40323179028402], [36.09167238332986, 128.4032290191117], [36.09152240017245, 128.40321791317163], [36.09115855192279, 128.4031790378828], [36.09106411800718, 128.40316793039148], [36.09056695075919, 128.40308461831225], [36.090264206573075, 128.40304018625267], [36.08975037475635, 128.40296798476624], [36.089658718251584, 128.4029540996651]], [[36.06960525091395, 128.3925805768958], [36.06959969629589, 128.39259724224323], [36.06952193286804, 128.39289721787728], [36.06949138257078, 128.39299443235228], [36.06943861267827, 128.393097202511], [36.06943861267827, 128.393097202511], [36.06937195511762, 128.39318053033233], [36.06928863257976, 128.3932527484899], [36.06852761580623, 128.39368050965072], [36.06793046751346, 128.39401105261936], [36.067494410290806, 128.3942471550053], [36.066561192135985, 128.39474435926974], [36.06557520301493, 128.39528600551907], [36.064619765414854, 128.39579709806353], [36.064475338810254, 128.39587487298903], [36.06367266035298, 128.39631652297206], [36.06280054620747, 128.3968053929368], [36.062525580512535, 128.39697205252915]], [[36.062525580512535, 128.39697205252915], [36.06223672760856, 128.39714426757288], [36.06222561781081, 128.3971470454147], [36.06156458941248, 128.397560916128], [36.06063415141606, 128.39820532951805], [36.059956459467806, 128.3986858614674], [36.05928432223902, 128.39915528313364], [36.05919544462221, 128.39921916885015], [36.058573301712514, 128.39968858912314], [36.05787339088091, 128.40021356220686], [36.05718181172053, 128.40069964960867]]]}','동락공원 러닝',8073,'https://crewin-bucket.s3.ap-northeast-2.amazonaws.com/crewin/ed6d84f9-69b3-4368-8a09-36e6b059dd17.webp','경상북도 구미시 진평동'),(4,6,'{\"markers\": [{\"point\": [37.538057, 127.0699301], \"title\": \"경유지 1\"}, {\"point\": [37.5476527, 127.0650377], \"title\": \"경유지 2\"}, {\"point\": [37.5554781, 127.0715608], \"title\": \"경유지 3\"}, {\"point\": [37.5688134, 127.0772257], \"title\": \"경유지 4\"}, {\"point\": [37.5847991, 127.07405], \"title\": \"경유지 5\"}], \"polylines\": [[[37.5380401942139, 127.06998016302433], [37.53883455299838, 127.07034955128954], [37.53907063862461, 127.07045786805948], [37.53935671889105, 127.07059118113426], [37.53963446704235, 127.07073838206988], [37.53963446704235, 127.07073838206988], [37.539645577012394, 127.07074671432925], [37.53967613006747, 127.07080504148492], [37.53967613006747, 127.07080504148492], [37.53998443047386, 127.07096612917752], [37.53998443047386, 127.07096612917752], [37.54006775362431, 127.07093835156314], [37.5401038603395, 127.07092724043854], [37.54032883604545, 127.07103000247336], [37.54087599918258, 127.07127996418124], [37.5417897897306, 127.07171600964789], [37.5417897897306, 127.07171600964789], [37.54189254926592, 127.0713660385932], [37.54189254926592, 127.0713660385932], [37.542284173771854, 127.07155212164264], [37.542284173771854, 127.07155212164264], [37.5425702465374, 127.07126880598116], [37.54260635285246, 127.07123547465729], [37.542828545202795, 127.07101048883236], [37.54302851831304, 127.07080772383756], [37.543395135673336, 127.07043552509305], [37.54348123522838, 127.0703494193769], [37.544103373848394, 127.0697216810882], [37.54439500212318, 127.06947169556848], [37.54474495585278, 127.0691606028454], [37.545003254967355, 127.06892728342146], [37.54504769354728, 127.06888839681136], [37.54520600598196, 127.0687495160724], [37.54536154096162, 127.06861063541233], [37.545383760201574, 127.0685884145824], [37.54558095625608, 127.06840786986626], [37.5458614745603, 127.06814955208785], [37.54605033834971, 127.06797456265818], [37.54625031185902, 127.0677940178634], [37.546661368497425, 127.067421817859], [37.546661368497425, 127.067421817859], [37.54684744673232, 127.06679686947912], [37.54684744673232, 127.06679686947912], [37.54690021887696, 127.06682464322952], [37.54690021887696, 127.06682464322952], [37.54700020200686, 127.06653300027916], [37.54700020200686, 127.06653300027916], [37.546964094692136, 127.06651078110534], [37.546964094692136, 127.06651078110534], [37.547102958892225, 127.06603582040968], [37.54712517708226, 127.0659552715576], [37.54713906275737, 127.06586639036752], [37.54725293051267, 127.0654275382052], [37.54722793246798, 127.0653747659424], [37.54725570491811, 127.06525810910944], [37.54725570491811, 127.06525810910944], [37.54738902270716, 127.06525532779952], [37.547661212945194, 127.0652358773976]], [[37.547661212945194, 127.0652358773976], [37.54805005614221, 127.065208091109], [37.54805005614221, 127.065208091109], [37.548075061585955, 127.06567193705176], [37.54812784842907, 127.06651630311272], [37.54815563142828, 127.06698570402668], [37.548158409633224, 127.06702736682082], [37.54813341378834, 127.0670968056523], [37.54813341378834, 127.0670968056523], [37.54844726870082, 127.06723567298393], [37.54844726870082, 127.06723567298393], [37.548452824860725, 127.06730511094788], [37.54850282060029, 127.06739121279917], [37.548577812584675, 127.06743009601789], [37.548577812584675, 127.06743009601789], [37.548538934164846, 127.06776062258126], [37.548538934164846, 127.06776062258126], [37.54854171161982, 127.0677606225024], [37.54879168526782, 127.06791060174704], [37.549566603656395, 127.06837998144418], [37.54959993346611, 127.06839942317174], [37.550144320241365, 127.06871049049688], [37.55019986979087, 127.06873548664312], [37.55023319955056, 127.06875215084575], [37.55071648161616, 127.06902433455733], [37.55103866969314, 127.06920764204794], [37.5515219518585, 127.06948538080825], [37.55156361413309, 127.06951037734868], [37.55163582826232, 127.0695270404468], [37.55168026769184, 127.06953537175924], [37.55173303998633, 127.06957147808356], [37.5522802042158, 127.06988254532683], [37.55298568502839, 127.0702852663927], [37.55302456969795, 127.07030193043732], [37.55304956699267, 127.0703130398267], [37.55312455907687, 127.07035747809428], [37.55333564790459, 127.07048246071678], [37.55335786784436, 127.07049912523476], [37.55339397525899, 127.07052689945763], [37.553624506471465, 127.07066299162716], [37.55364394870621, 127.0706657685997], [37.55367450081082, 127.07067132278154], [37.55399391168229, 127.07086851797288], [37.554021686632005, 127.07089073738273], [37.55403835156182, 127.07090184700874], [37.55420222315496, 127.07099905572352], [37.55455774109086, 127.07120458246322], [37.55459940326535, 127.07122402395365], [37.55473549990874, 127.0712990132584], [37.554796604518, 127.07133234182074], [37.55484104394739, 127.0713406731328], [37.55486604114205, 127.07134622747238], [37.5554382026651, 127.07166840410046]], [[37.568670105091535, 127.07761470868064], [37.56924226670887, 127.07794244033876], [37.56959500673561, 127.07812296942072], [37.569919971662664, 127.0782729465193], [37.57011439500775, 127.0783562667346], [37.57041158473496, 127.07847013680008], [37.570803208179186, 127.07859789180377], [37.571586453866, 127.07878674121466], [37.571900307070976, 127.078831172685], [37.57222249249038, 127.0788672713438], [37.57271410250847, 127.07889503260895], [37.5728751949928, 127.07890058307656], [37.57303073246719, 127.07890057865248], [37.573236264029624, 127.07889501775672], [37.575835956304466, 127.07858941607816], [37.5759248348609, 127.0785894135498], [37.57636922634152, 127.07851718526314], [37.57645255058876, 127.07855051319024], [37.57661919778182, 127.0785449533998], [37.57672474136779, 127.078561615546], [37.57707747768766, 127.0785366077879], [37.577452432795496, 127.07846438147608], [37.577452432795496, 127.07846438147608], [37.577632966211574, 127.07840049326975], [37.57771628945759, 127.07837827070094], [37.57819401054577, 127.07831437403954], [37.57908557165947, 127.07820880273182], [37.579471637136315, 127.0781671288758], [37.579904918845216, 127.07809767842834], [37.58017988572628, 127.0780337875348], [37.58048818126477, 127.0779254552964], [37.58081036342672, 127.07778101484077], [37.581143654757234, 127.07760046624686], [37.58139640009668, 127.07743103004395], [37.58177412860235, 127.07713382414518], [37.584054385054046, 127.07524781994395], [37.58434045869934, 127.07501449972372], [37.58501259281245, 127.07446175317082]], [[37.5554382026651, 127.07166840410046], [37.55555207946869, 127.0717322839368], [37.55626867004962, 127.0721322271562], [37.5562881125344, 127.0721488917529], [37.55630477756424, 127.07216555642852], [37.55646864895708, 127.07225165504292], [37.55689082616145, 127.0724766225605], [37.557246345347224, 127.07275158741892], [37.55757964364284, 127.0729571147872], [37.55760186363259, 127.07297655682974], [37.5576296386823, 127.073004331289], [37.55862397760839, 127.07356258552802], [37.55882951137546, 127.0736792357308], [37.558882283569694, 127.07370978700445], [37.558940613625246, 127.073904212086], [37.55895450190046, 127.0739597621882], [37.55895450190046, 127.0739597621882], [37.55939888993946, 127.07369588469932], [37.55974329245158, 127.07359032896788], [37.55974329245158, 127.07359032896788], [37.55975718047666, 127.07363199144584], [37.55975718047666, 127.07363199144584], [37.55977106850174, 127.0736736539238], [37.55981828613621, 127.07372364802907], [37.56052932180504, 127.07412359139872], [37.56112092581055, 127.07446243261512], [37.56159587530766, 127.0747235064508], [37.562043051405944, 127.07504846414656], [37.56212359844961, 127.07509567977934], [37.563031835619114, 127.07561782863188], [37.5640817242404, 127.07620941157629], [37.564248373087274, 127.07629551010852], [37.564442796933726, 127.0764066055746], [37.564520566472304, 127.07645104376098], [37.56498718385379, 127.07672600545352], [37.56568710955048, 127.07711761655506], [37.56614261686175, 127.07737869093792], [37.56628704601896, 127.07746201257626], [37.56628704601896, 127.07746201257626], [37.56640091586617, 127.07713981645882], [37.56640091586617, 127.07713981645882], [37.5669702997796, 127.07745366057476], [37.5669702997796, 127.07745366057476], [37.56700362883832, 127.0774314394285], [37.56722027062233, 127.07744809841748], [37.5673480344994, 127.07750086775629], [37.56749801861632, 127.0775869667611], [37.56749801861632, 127.0775869667611], [37.567584115114975, 127.07733143202934], [37.567584115114975, 127.07733143202934], [37.567889638058325, 127.07749251978156], [37.567889638058325, 127.07749251978156], [37.56791463390154, 127.07742308095028], [37.56792851872408, 127.07728698183924], [37.567906298184006, 127.0772369870243], [37.56786463545951, 127.0771869927622], [37.56786463545951, 127.0771869927622], [37.567897964868465, 127.07718421428966], [37.56818682298209, 127.07733974746596], [37.568670105091535, 127.07761470868064]]]}','중랑천 코스',6162,'https://crewin-bucket.s3.ap-northeast-2.amazonaws.com/crewin/097f82e0-343e-41b5-8851-d3997e7e4cf1.webp','서울특별시 광진구 자양동'),(5,7,'{\"markers\": [{\"point\": [36.1010652, 128.4202379], \"title\": \"경유지 1\"}, {\"point\": [36.1020724, 128.422153], \"title\": \"경유지 2\"}, {\"point\": [36.1053745, 128.4201601], \"title\": \"경유지 3\"}, {\"point\": [36.1051561, 128.4179513], \"title\": \"경유지 4\"}, {\"point\": [36.1050895, 128.4061013], \"title\": \"경유지 5\"}, {\"point\": [36.1049346, 128.4023275], \"title\": \"경유지 6\"}, {\"point\": [36.0982386, 128.4020043], \"title\": \"경유지 7\"}, {\"point\": [36.0881584, 128.4034567], \"title\": \"경유지 8\"}, {\"point\": [36.0834384, 128.3987735], \"title\": \"경유지 9\"}], \"polylines\": [[[36.102029886537785, 128.4220881722861], [36.10212709612495, 128.42200206607478], [36.10212709612495, 128.42200206607478], [36.102399296256365, 128.42248257150794], [36.10246873470062, 128.42258533825208], [36.10246873470062, 128.42258533825208], [36.10285201797131, 128.42223258096575], [36.103646359030385, 128.421521510553], [36.103646359030385, 128.421521510553], [36.104329603344766, 128.42090487933652], [36.104474028968355, 128.4207743312926], [36.10464345134134, 128.42062156229343], [36.1050128476584, 128.42028824812067], [36.10529614408341, 128.42003270725235]], [[36.104929194291664, 128.4023870566152], [36.10458201128096, 128.40237317865578], [36.104532016913105, 128.40237040252063], [36.10442925040868, 128.40234818513596], [36.10406262357916, 128.40224820422748], [36.10346546601988, 128.40207323639538], [36.10314050112067, 128.4019732543223], [36.103048844719794, 128.40196492428697], [36.10264611302944, 128.40198160073038], [36.1018934213248, 128.40200939707836], [36.1013740362786, 128.40202885431202], [36.10014917638046, 128.40207610657257], [36.099215949792395, 128.40211224055705], [36.099215949792395, 128.40211224055705], [36.09920483687817, 128.40194558894646], [36.09920483687817, 128.40194558894646], [36.099149287636926, 128.4019455904981], [36.09889376209801, 128.40199837074388], [36.098416040820155, 128.40211781796438], [36.09827161335482, 128.4021483748507], [36.09822161919091, 128.4021567088432], [36.09822161919091, 128.4021567088432], [36.09821050898497, 128.40213726642935], [36.098179956493446, 128.40211504702657]], [[36.10529614408341, 128.42003270725235], [36.10541279554647, 128.41992715777346], [36.10541279554647, 128.41992715777346], [36.10543501411779, 128.41986605144754], [36.10542945765936, 128.41978272564197], [36.105407235456845, 128.41964662719386], [36.105407235456845, 128.41964662719386], [36.10538501325435, 128.41951052874572], [36.10522668042644, 128.4185606172187], [36.1051016836898, 128.41796622885943]], [[36.10109384724622, 128.4202105867929], [36.10113828807136, 128.4202883564478], [36.10119661671827, 128.42039390103486], [36.101396600482616, 128.4207466420137], [36.10170490859223, 128.42127991954686], [36.101816010501814, 128.4214660110877], [36.10196322064584, 128.421718762388], [36.10212709612495, 128.42200206607478], [36.10212709612495, 128.42200206607478], [36.102029886537785, 128.4220881722861]], [[36.1051016836898, 128.41796622885943], [36.10506835112787, 128.4178023554017], [36.10506835051421, 128.41776902501738], [36.10506835051421, 128.41776902501738], [36.105065565688186, 128.4173690604833], [36.105065565688186, 128.4173690604833], [36.10514333467695, 128.41737183584107], [36.105196106456056, 128.41737183436567], [36.1054571878383, 128.41736904953422], [36.1054571878383, 128.41736904953422], [36.10552106941446, 128.41736627021615], [36.10552106941446, 128.41736627021615], [36.105540511393166, 128.41735238201244], [36.10554050939876, 128.41724405826352], [36.10554050939876, 128.41724405826352], [36.10554049400632, 128.41640802112454], [36.105529352096454, 128.41466650885815], [36.10552656594184, 128.4141943284926], [36.105515427716114, 128.41265279853383], [36.105512626224034, 128.41134735856477], [36.10550706010339, 128.41073907920932], [36.10550706010339, 128.41073907920932], [36.105507058978645, 128.41067797350507], [36.10549039374622, 128.41065297618275], [36.10546539658779, 128.4106529768815], [36.10546539658779, 128.4106529768815], [36.10546261396216, 128.41037244622595], [36.10546261396216, 128.41037244622595], [36.10548761112059, 128.41037244552726], [36.10550427512601, 128.41033078208127], [36.10550427400128, 128.41026967637703], [36.10550427400128, 128.41026967637703], [36.10548198917736, 128.40673110122017], [36.105481983912355, 128.40644501542377], [36.10548198314561, 128.4064033524437], [36.10546531786219, 128.4063755775894], [36.10543754324176, 128.40637557836558], [36.10543754324176, 128.40637557836558], [36.105440313394254, 128.40597839121145], [36.105440313394254, 128.40597839121145], [36.10509590835641, 128.4059922884961], [36.10509590835641, 128.4059922884961], [36.10508479850824, 128.40599228880654]], [[36.10508479850824, 128.40599228880654], [36.10509590835641, 128.4059922884961], [36.105440313394254, 128.40597839121145], [36.105440313394254, 128.40597839121145], [36.10547086552785, 128.40598116788965], [36.10547642040081, 128.40597839020242], [36.10547919755616, 128.40596172493278], [36.10547919724947, 128.40594505974076], [36.10547919724947, 128.40594505974076], [36.105470834553, 128.40429798349672], [36.10544580350873, 128.40245648048037], [36.10544580350873, 128.40245648048037], [36.10544580207771, 128.40237870958447], [36.10539303029897, 128.402378711059], [36.105115284095035, 128.40237871881965], [36.105115284095035, 128.40237871881965], [36.10507917708851, 128.4023787198285], [36.10499585338064, 128.4023870547527], [36.104940304139824, 128.40238705630478], [36.104929194291664, 128.4023870566152]], [[36.098179956493446, 128.40211504702657], [36.09821050898497, 128.40213726642935], [36.09822161919091, 128.4021567088432], [36.09822161919091, 128.4021567088432], [36.097832776085575, 128.4022428231967], [36.09712452617045, 128.4024011623039], [36.09690510763767, 128.40245394154078], [36.096796787076734, 128.4024789423544], [36.096138531324534, 128.4026289474686], [36.09541361694165, 128.40280395223238], [36.09471647697438, 128.40296784609194], [36.0941748727881, 128.40301785679404], [36.093591606823395, 128.40307620125537], [36.0930555575093, 128.40312343426965], [36.09280280897023, 128.4031512166481], [36.09247506910791, 128.40318733371674], [36.09234730615832, 128.40320400247668], [36.09224454031644, 128.4032178930066], [36.09216954889107, 128.40322067263273], [36.092025121015595, 128.40322900926188], [36.092025121015595, 128.40322900926188], [36.092030679056485, 128.4033984385612], [36.092030679056485, 128.4033984385612], [36.09164738903223, 128.40338456160404], [36.091219659205514, 128.40334846563118], [36.09103356888748, 128.4033290281031], [36.09096968705491, 128.40331791975868], [36.09089191791184, 128.40330681180205], [36.090572508799966, 128.40325404761185], [36.09013644607544, 128.40319017655048], [36.08981703711653, 128.403145744956], [36.08972815807387, 128.40313185977735], [36.08963372415808, 128.40312075228584], [36.08904767817296, 128.40304022021897], [36.0884588547253, 128.40295968822912], [36.088200550136406, 128.40292636505603]], [[36.088200550136406, 128.40292636505603], [36.0879811301191, 128.40289859586136], [36.087728380709706, 128.40287916019324], [36.087728380709706, 128.40287916019324], [36.08772837764447, 128.4027125082701], [36.08772837764447, 128.4027125082701], [36.087625611393214, 128.40270417854293], [36.087536731022055, 128.40261807753058], [36.08722009467108, 128.40230978031204], [36.08684513064521, 128.40194871161242], [36.08675069565635, 128.40187927594727], [36.08667014813128, 128.40181817249052], [36.0863146284346, 128.40157098206186], [36.08615631105089, 128.40145988519893], [36.08605076585598, 128.4013710071193], [36.0857202422966, 128.4010682653512], [36.085542481656454, 128.40090161838958], [36.08523417825372, 128.4006238737893], [36.085136965547306, 128.40054055054094], [36.08483421717096, 128.40026836084937], [36.08461757129502, 128.40006005199172], [36.08454535579873, 128.3999795055776], [36.08438703708695, 128.3997961928804], [36.08423149609269, 128.3996267677659], [36.08418705583051, 128.3995795509612], [36.08416761288062, 128.399540666055], [36.08393430151695, 128.3992934722132], [36.08360933186039, 128.39893517964688], [36.08352600626029, 128.39884074588227], [36.08345656817508, 128.3987574218583], [36.08345656817508, 128.3987574218583]]]}','낙동강 러닝 코스',5021,'https://crewin-bucket.s3.ap-northeast-2.amazonaws.com/crewin/7b08141a-4700-4ebc-8e73-3b83da00c0ec.webp','경상북도 구미시 진평동'),(6,4,'{\"markers\": [{\"point\": [36.0044501, 129.3355748], \"title\": \"경유지 1\"}, {\"point\": [36.0044327, 129.333193], \"title\": \"경유지 2\"}, {\"point\": [36.0041376, 129.3261549], \"title\": \"경유지 4\"}, {\"point\": [36.0031134, 129.3214771], \"title\": \"경유지 5\"}, {\"point\": [35.9975758, 129.3061564], \"title\": \"경유지 10\"}, {\"point\": [35.9943256, 129.2911833], \"title\": \"경유지 9\"}, {\"point\": [35.9915478, 129.2850034], \"title\": \"경유지 10\"}, {\"point\": [35.9855752, 129.2815702], \"title\": \"경유지 11\"}], \"polylines\": [[[36.00473298431768, 129.33321065920117], [36.00475796969703, 129.3325912683815], [36.00477184955859, 129.33219963567652], [36.00474959690584, 129.33046923259013], [36.004735707895854, 129.33038035190032], [36.004738479172765, 129.330055380334], [36.00473847795659, 129.32999149705037], [36.004738473885084, 129.32977762692698], [36.004710688409716, 129.3292082332437], [36.0047079099415, 129.3291554601765], [36.00467456800592, 129.3285055181656], [36.00464678231962, 129.32792501434648], [36.00459955417706, 129.32733340095183], [36.00453288278521, 129.32668901497067], [36.00446343673218, 129.3261918383751], [36.004446769888844, 129.32608351502705]], [[35.99351956737788, 129.29133965635225], [35.99351956727231, 129.2913341012842], [35.993469569760926, 129.29116745068103], [35.99342235061045, 129.29104801807645], [35.993375131935046, 129.2909535832781], [35.99323347749236, 129.29075360490395], [35.99321403482507, 129.29073138519112], [35.992941837483095, 129.2904203092119], [35.99278074084822, 129.29022310893097], [35.992422439971456, 129.2897981565335], [35.99203358657321, 129.28935098474236], [35.991858604098326, 129.28923155581342], [35.99181138610916, 129.28917322895725], [35.99169195158641, 129.28898436007924], [35.99157529484394, 129.28881215632546], [35.991497524280426, 129.28872883254195], [35.991347538344456, 129.28857607248523], [35.99130865322103, 129.2885427431955], [35.99113922504, 129.288389983698], [35.991064232362284, 129.28832888010675], [35.99086425197632, 129.28817056641998], [35.99063094202737, 129.28801225369196], [35.99055594956074, 129.28796226023672], [35.99031430769597, 129.28782894555448], [35.99010877349101, 129.28772896024182], [35.989642155439896, 129.28750954847592], [35.989178314799425, 129.28728735909556], [35.98906166043169, 129.28724014437248], [35.98898944595627, 129.28721792617742], [35.98835062579545, 129.28703184977192], [35.98822841697536, 129.28700963301472], [35.98817564495609, 129.28699852439647], [35.988003442002416, 129.28698741921338], [35.98794233775066, 129.28698464343688], [35.98768403326729, 129.28696520812812], [35.98720353132702, 129.2869263364718], [35.98718686649269, 129.28692355941706], [35.98710076506852, 129.28692078435944], [35.98703966060561, 129.2869068984467], [35.9868535690673, 129.28682913284572], [35.98670358460847, 129.28675414374024], [35.986528602977266, 129.28667915535365], [35.98645638860717, 129.2866624922263], [35.98639806181888, 129.28665971636974], [35.98623696940517, 129.28668471880923], [35.986056434904526, 129.28671805440993], [35.985992553294544, 129.28672083378115], [35.985992553294544, 129.28672083378115], [35.98328996293015, 129.2804936801666], [35.98324829907717, 129.2803936901389], [35.98322052359717, 129.28034925039273], [35.98316219585932, 129.2802964789228], [35.983059427807135, 129.28019649065172], [35.98301498754553, 129.28015205138462], [35.982912221075786, 129.28013538913473], [35.982912221075786, 129.28013538913473], [35.98293999502607, 129.28009928039373], [35.983039981500305, 129.27998262108952], [35.98545909954442, 129.27720501750872], [35.98545909954442, 129.27720501750872], [35.98552020242472, 129.2771355774014], [35.98552020242472, 129.2771355774014], [35.98568963798906, 129.2776771916659], [35.98568963798906, 129.2776771916659], [35.98568408617395, 129.27784106633325], [35.98575075368693, 129.27828269232728], [35.98628682699999, 129.27948534914972], [35.98705343997373, 129.2812240634103], [35.98735897484325, 129.2819545460748], [35.98768394668244, 129.28240727477683], [35.98835332706636, 129.28302109054763], [35.98920046095129, 129.28341547601644], [35.98998926783664, 129.28379597549113], [35.99075029913594, 129.28412648015075], [35.99155299307432, 129.28449309155306], [35.99168075750682, 129.28455141609237]], [[35.99791934789441, 129.30597435654622], [35.99767214006175, 129.30526053741548], [35.997363824809106, 129.30437729046744], [35.997069397455974, 129.30352459599385], [35.99679441271819, 129.30269134369857], [35.99654442510039, 129.3018553131494], [35.996333322448535, 129.30104427928703], [35.996147217022234, 129.30023602223903], [35.99597777690599, 129.29945554005178], [35.99587777939912, 129.29899169474595], [35.995786116236836, 129.29863061795965], [35.99561112256733, 129.2979223518174], [35.99547501597545, 129.29735018372364], [35.99540279373875, 129.29691966802687], [35.99536945768175, 129.29657803229998], [35.99536389763328, 129.2963086116586], [35.99536111673793, 129.2961280720263], [35.995363890558565, 129.2959364220981], [35.9953722166666, 129.29560589530837], [35.99537221529392, 129.29553367942356], [35.99536385703424, 129.29417268798824], [35.995388844967785, 129.2936866188137], [35.99543050285641, 129.29347274749446], [35.99553604040109, 129.29315332804367], [35.99570546045251, 129.29287834729894], [35.99586932763558, 129.29271169054113], [35.996408148915776, 129.29236170574626], [35.99670255619986, 129.2921589372892], [35.99678310105948, 129.29207560895037], [35.99685253590648, 129.29198394832918], [35.99695252105779, 129.29179785067203], [35.99699695662115, 129.2915950894096], [35.99699973044226, 129.2914034394823], [35.99697750788319, 129.29125345328478], [35.9969302880993, 129.29110069027266], [35.99685807066829, 129.29092293017376], [35.99681362945654, 129.2908284952961], [35.99565260397657, 129.28842318424654], [35.99546650689807, 129.28805377757698], [35.995360959324195, 129.28784546556264], [35.99527207753454, 129.28768992621508], [35.99527207753454, 129.28768992621508], [35.99516375344717, 129.2875316098929], [35.99492488487789, 129.28717886994556], [35.99463324249546, 129.28672058522372], [35.994599912141055, 129.28667892317242], [35.994549917480235, 129.28666225940674], [35.994511033465315, 129.28668725833168], [35.99448881412623, 129.28670670170914], [35.9944721496615, 129.28672336739268], [35.99290013272537, 129.28816773031414], [35.991850269913144, 129.2891371198961], [35.991850269913144, 129.2891371198961], [35.99181138610916, 129.28917322895725], [35.99181138610916, 129.28917322895725], [35.991858604098326, 129.28923155581342], [35.99203358657321, 129.28935098474236], [35.992422439971456, 129.2897981565335], [35.99278074084822, 129.29022310893097], [35.992941837483095, 129.2904203092119], [35.992941837483095, 129.2904203092119], [35.99321403482507, 129.29073138519112], [35.99323347749236, 129.29075360490395], [35.993375131935046, 129.2909535832781], [35.99342235061045, 129.29104801807645], [35.993469569760926, 129.29116745068103], [35.99351956727231, 129.2913341012842], [35.99351956737788, 129.29133965635225]], [[36.00339402132654, 129.32136173746878], [36.00333569036289, 129.32113953642536], [36.003207924659925, 129.3210145510752], [36.00311626519059, 129.32084790167352], [36.003046823949894, 129.32060348067776], [36.003027375256515, 129.32026462208322], [36.003094031845244, 129.32013129852731], [36.00324956853681, 129.3200646332272], [36.00324956853681, 129.3200646332272], [36.003227344758415, 129.31985076374534], [36.003146796729176, 129.3197674400451], [36.003010694037414, 129.31940080947223], [36.002285738679326, 129.31743711378718], [36.00152745460722, 129.31551785960608], [36.001016378481886, 129.3143179796207], [36.000808057458954, 129.31372637086957], [36.00059696103343, 129.3132430860263], [36.00027198611823, 129.31262926036317], [35.9997025818343, 129.31135438863686], [35.99887208297976, 129.3093962510538], [35.99841377898565, 129.30821303474903], [35.99832767455096, 129.3080519402541], [35.998324895185704, 129.3079519491084], [35.998336003402464, 129.30786584523293], [35.99837210963659, 129.30782418118235], [35.99853320083363, 129.30773529545323], [35.99853320083363, 129.30773529545323], [35.99851931277622, 129.30769641037656], [35.99847764870964, 129.30758531021462], [35.99847764870964, 129.30758531021462], [35.99831099186237, 129.3071103566923], [35.99797767790433, 129.3061465619773], [35.99791934789441, 129.30597435654622]], [[36.004446769888844, 129.32608351502705], [36.004385657918554, 129.3256752192814], [36.004352323967645, 129.32544468491508], [36.0041578830671, 129.32447533113242], [36.004057883858394, 129.3239226047367], [36.00393566515281, 129.32338098911785], [36.00386900068794, 129.3231004600993], [36.00377178285516, 129.32275327114408], [36.00357179220991, 129.32205611585962], [36.00349679535465, 129.32177558708133], [36.00343013083732, 129.3214922805288], [36.00339402132654, 129.32136173746878]], [[36.004560826898576, 129.33559101087283], [36.00461914236883, 129.33499939443152], [36.004641357582145, 129.33476330339394], [36.00466912687648, 129.33448277165095], [36.0047302074887, 129.3332439896902], [36.00473298431768, 129.33321065920117]], [[35.99168075750682, 129.28455141609237], [35.99155299307432, 129.28449309155306], [35.99075029913594, 129.28412648015075], [35.98998926783664, 129.28379597549113], [35.98920046095129, 129.28341547601644], [35.98835332706636, 129.28302109054763], [35.98768394668244, 129.28240727477683], [35.98735897484325, 129.2819545460748], [35.98705343997373, 129.2812240634103], [35.9868340109072, 129.28072689112827]]]}','형산강변 러닝',9129,'https://crewin-bucket.s3.ap-northeast-2.amazonaws.com/crewin/e2e36644-f18b-4ccf-bf87-7aeada3dc435.webp','경상북도 포항시 남구 효자동'),(9,1,'{\"markers\": [{\"point\": [36.1067995, 128.4189975], \"title\": \"경유지 1\"}, {\"point\": [36.1044418, 128.4205424], \"title\": \"경유지 2\"}, {\"point\": [36.1023093, 128.4231174], \"title\": \"경유지 3\"}, {\"point\": [36.105898, 128.4241259], \"title\": \"경유지 4\"}, {\"point\": [36.1076316, 128.4226453], \"title\": \"경유지 5\"}, {\"point\": [36.107649, 128.4211433], \"title\": \"경유지 6\"}], \"polylines\": [[[36.106854283010755, 128.41909385785837], [36.10642656106567, 128.41948550183417], [36.10625436133343, 128.4196438259748], [36.10625436133343, 128.4196438259748], [36.106101603528664, 128.41978548437964], [36.10612382532205, 128.41989936257144], [36.10612382532205, 128.41989936257144], [36.1060155062453, 128.4200049118174], [36.1060155062453, 128.4200049118174], [36.105987731010984, 128.4199715822097], [36.10589885217398, 128.41996880716292], [36.10589885217398, 128.41996880716292], [36.105715533898845, 128.4196549511695], [36.105715533898845, 128.4196549511695], [36.10553777924226, 128.4198132754655], [36.10541279554647, 128.41992715777346], [36.1050128476584, 128.42028824812067], [36.1050128476584, 128.42028824812067], [36.10494063200818, 128.42019936911484], [36.10494063200818, 128.42019936911484], [36.10447402584855, 128.42060490183854]], [[36.10447402584855, 128.42060490183854], [36.104260164645055, 128.4207882249326], [36.104260164645055, 128.4207882249326], [36.104329603344766, 128.42090487933652], [36.104329603344766, 128.42090487933652], [36.103646359030385, 128.421521510553], [36.10285201797131, 128.42223258096575], [36.10246873470062, 128.42258533825208], [36.1023798574486, 128.42266866669846], [36.1023798574486, 128.42266866669846], [36.10257428536879, 128.4229714122551], [36.10257428536879, 128.4229714122551], [36.10234653731461, 128.42317973352655]], [[36.10234653731461, 128.42317973352655], [36.10257428536879, 128.4229714122551], [36.10257428536879, 128.4229714122551], [36.102649277509705, 128.42300751807483], [36.10270205031206, 128.42306306724012], [36.10310757256185, 128.42375743891228], [36.10336588395136, 128.42416017383565], [36.10363808336746, 128.42460179381908], [36.10363808336746, 128.42460179381908], [36.10377973132443, 128.42446013572376], [36.10377973132443, 128.42446013572376], [36.10384916987113, 128.42456845753168], [36.10384916987113, 128.42456845753168], [36.10410469377295, 128.42442679625185], [36.10430744630456, 128.42430735670408], [36.10455463787113, 128.42416847318933], [36.10485737770707, 128.42397681501237], [36.10492681333802, 128.42392681749385], [36.104971251861514, 128.42387959820647], [36.1050073578965, 128.423826824088], [36.1050073578965, 128.423826824088], [36.10520178550976, 128.42411290445077], [36.10524067089943, 128.42416289894], [36.10535454756025, 128.4242017812039], [36.10589615250936, 128.424193433461]], [[36.10766814363444, 128.4225824153243], [36.107737581106534, 128.42263240895883], [36.107737581106534, 128.42263240895883], [36.107740357903616, 128.4225963009648], [36.107751467240305, 128.42256852533382], [36.10792088874264, 128.4223685382895], [36.10792088874264, 128.4223685382895], [36.107818118145325, 128.4221241183453], [36.107818118145325, 128.4221241183453], [36.10774312462383, 128.42201301916157], [36.10760424860556, 128.4218547037199], [36.10760424860556, 128.4218547037199], [36.10770701270667, 128.42174637709687], [36.10770701270667, 128.42174637709687], [36.1077931158206, 128.4218435883098], [36.1077931158206, 128.4218435883098], [36.108151406890826, 128.42176025232868], [36.108151406890826, 128.42176025232868], [36.10813750633267, 128.42104087192294], [36.10813750633267, 128.42104087192294], [36.10787642505329, 128.4210492118205], [36.10774588377421, 128.42101866261893], [36.107729218695, 128.4210019978928]], [[36.10589615250936, 128.424193433461], [36.10609335226467, 128.42419065041386], [36.1066460670103, 128.42417952482768], [36.10680160452759, 128.42416007775338], [36.10738487125298, 128.42414339624813], [36.10784037482564, 128.42413227337994], [36.10784037482564, 128.42413227337994], [36.107815375876704, 128.42403506045804], [36.10780148253016, 128.42370731206702], [36.10779314646088, 128.42350732999398], [36.1077848119774, 128.42339345141386], [36.107737581106534, 128.42263240895883], [36.107737581106534, 128.42263240895883], [36.10766814363444, 128.4225824153243]]]}','진평런',1866,'https://crewin-bucket.s3.ap-northeast-2.amazonaws.com/crewin/4beee27d-d982-4544-90c5-d4b6cb2c1719.webp','경상북도 구미시 황상동'),(10,1,'{\"markers\": [{\"point\": [36.0966859, 128.4300469], \"title\": \"썬마트\"}, {\"point\": [36.0953683, 128.4357761], \"title\": \"두언빌딩\"}, {\"point\": [36.0930448, 128.4326754], \"title\": \"파리바게뜨\"}, {\"point\": [36.0926459, 128.4297143], \"title\": \"진평야구연습장\"}, {\"point\": [36.0953681, 128.4282551], \"title\": \"싱글벙글복어\"}], \"polylines\": [[[36.09678340488858, 128.42992095938862], [36.09703893713157, 128.43023203583624], [36.09703893713157, 128.43023203583624], [36.09676397487977, 128.43058479009832], [36.09633070035704, 128.431104200712], [36.09618349849732, 128.43130140960565], [36.09598908177677, 128.43160694357076], [36.09594464437809, 128.43171526856452], [36.09564192019187, 128.4327568515606], [36.09550861014463, 128.4331984828899], [36.09550861014463, 128.4331984828899], [36.09556971482274, 128.43322625650214], [36.095844686078834, 128.43336234788532], [36.096061329914264, 128.4334595554502], [36.096061329914264, 128.4334595554502], [36.09600300730273, 128.43368175964795], [36.09600300730273, 128.43368175964795], [36.096061336411665, 128.43381230202488], [36.0957891616497, 128.4347094525002], [36.09576416607669, 128.43479555669393], [36.095458664072005, 128.43581769704645]], [[36.095458664072005, 128.43581769704645], [36.09576416607669, 128.43479555669393], [36.0957891616497, 128.4347094525002], [36.096061336411665, 128.43381230202488], [36.096061336411665, 128.43381230202488], [36.09600300730273, 128.43368175964795], [36.09585580063401, 128.43361788052644], [36.09578358610744, 128.43359010722494], [36.09571692624931, 128.43354844610766], [36.09540029275444, 128.43339569069693], [36.09503644219888, 128.43323182647785], [36.094794801101855, 128.43312906454727], [36.094708699008834, 128.4330874039735], [36.09464203935528, 128.43305685298444], [36.09461148742546, 128.43306518643493], [36.094569825902944, 128.4330874078566], [36.094569825902944, 128.4330874078566], [36.094275412207026, 128.43294020688788], [36.094275412207026, 128.43294020688788], [36.09426985666891, 128.43290687665814], [36.094255969051375, 128.43289021185393], [36.09423097163651, 128.4328763248924], [36.09420597427281, 128.432865215463], [36.09414764700558, 128.43283466424086], [36.09407820983871, 128.43280133579725], [36.09364769957797, 128.43260414305578], [36.09338383842559, 128.4324819390211], [36.09338383842559, 128.4324819390211], [36.093289410135874, 128.43277636006297], [36.093289410135874, 128.43277636006297], [36.093203308503135, 128.4327596972777], [36.09303943680552, 128.43268193096074]], [[36.09303943680552, 128.43268193096074], [36.09287556515903, 128.43260694217582], [36.092464497183755, 128.43241252642184], [36.092464497183755, 128.43241252642184], [36.09255337070295, 128.4321264381315], [36.09255337070295, 128.4321264381315], [36.09265058238885, 128.43215421073464], [36.09268668960108, 128.43216531985354], [36.09268668960108, 128.43216531985354], [36.09274501226457, 128.43194589318765], [36.09274501226457, 128.43194589318765], [36.09262835788346, 128.43189312333922], [36.09262835788346, 128.43189312333922], [36.092761667727544, 128.43144038188126], [36.09310327444312, 128.43029325157798], [36.09310327444312, 128.43029325157798], [36.09266443154059, 128.43008217140732], [36.09266443154059, 128.43008217140732], [36.09274219541626, 128.42980719355663], [36.09275608201077, 128.42976830771917]], [[36.09275608201077, 128.42976830771917], [36.09280885077331, 128.4296044318508], [36.09302548386777, 128.42911835767964], [36.093203235663715, 128.42880449158497], [36.09339765305069, 128.42853506553791], [36.09362539998302, 128.42826563855928], [36.09362539998302, 128.42826563855928], [36.0939725901638, 128.4286683710056], [36.0939725901638, 128.4286683710056], [36.09422255597441, 128.42835450289246], [36.09459195014955, 128.42790453236887], [36.0948641352988, 128.42757122091044], [36.0948641352988, 128.42757122091044], [36.09495023872124, 128.42768509731854], [36.09533075952079, 128.42814615700556], [36.0953918650682, 128.4282211486633]]]}','구미런',2036,'https://crewin-bucket.s3.ap-northeast-2.amazonaws.com/crewin/b4fb9527-5b11-4a90-8c50-c0fa5feb0b14.webp','경상북도 구미시 인의동'),(12,2,'{\"markers\": [{\"point\": [36.1036669, 128.4191676], \"title\": \"경유지 1\"}, {\"point\": [36.1006066, 128.4199461], \"title\": \"경유지 2\"}, {\"point\": [36.1011483, 128.4209609], \"title\": \"경유지 3\"}, {\"point\": [36.1036334, 128.4193691], \"title\": \"경유지 4\"}], \"polylines\": [[[36.10367131215526, 128.4191300547715], [36.103465778837275, 128.419068954813], [36.10286584820684, 128.41913285482232], [36.102546440631365, 128.41916341660436], [36.102215922747206, 128.41916898090852], [36.10204372025217, 128.4191773183187], [36.10179652679249, 128.4192134331457], [36.101371576271326, 128.4192773282623], [36.10131602738779, 128.41929677253947], [36.10124381403862, 128.41933288247472], [36.10083275614578, 128.4196856405353], [36.10056612403071, 128.41991618314873], [36.10056612403071, 128.41991618314873], [36.100588344443274, 128.41995506797622]], [[36.10115496547544, 128.42097440639674], [36.101396600482616, 128.4207466420137], [36.101596574785944, 128.42058553956448], [36.101702116810586, 128.42050221065256], [36.10174655594809, 128.42048832174996], [36.10200208251008, 128.4204910921382], [36.10247980608892, 128.42049663384626], [36.10247980608892, 128.42049663384626], [36.10246036175763, 128.4203827555762], [36.102452025331274, 128.42016333077808], [36.102452025331274, 128.42016333077808], [36.10269366412235, 128.42014110376607], [36.10307417550541, 128.42009109755102], [36.10307417550541, 128.42009109755102], [36.103046393724995, 128.4197022438424], [36.10303528137083, 128.41956614508325], [36.10303528137083, 128.41956614508325], [36.10342134793348, 128.41953002637314], [36.10351300402827, 128.4195216912145], [36.10351300402827, 128.4195216912145], [36.10362132203157, 128.419357813796]], [[36.100588344443274, 128.41995506797622], [36.1007299998163, 128.42021615202853], [36.1007299998163, 128.42021615202853], [36.100638345459835, 128.42031892327648], [36.10060501642627, 128.42034669952866], [36.10060501642627, 128.42034669952866], [36.10066612181935, 128.42041335858954], [36.10074111667067, 128.4205966736081], [36.10077722556988, 128.42069944128437], [36.10082444314118, 128.42073832541303], [36.1008522183245, 128.42076887748905], [36.10099665294972, 128.4211271750852], [36.10099665294972, 128.4211271750852], [36.10113830100981, 128.4209910720549], [36.10115496547544, 128.42097440639674]]]}','진편',896,'https://crewin-bucket.s3.ap-northeast-2.amazonaws.com/crewin/9de8e2f7-13e8-44fb-9221-22b25bf1c326.webp','경상북도 구미시 진평동'),(13,2,'{\"markers\": [{\"point\": [35.1398341, 129.1174413], \"title\": \"경유지 1\"}, {\"point\": [35.1460455, 129.1178705], \"title\": \"경유지 2\"}, {\"point\": [35.1483264, 129.1148235], \"title\": \"경유지 3\"}, {\"point\": [35.155695, 129.1235926], \"title\": \"경유지 4\"}, {\"point\": [35.1528529, 129.1245367], \"title\": \"경유지 5\"}, {\"point\": [35.1543266, 129.130974], \"title\": \"경유지 6\"}], \"polylines\": [[[35.1399790481536, 129.11738993426695], [35.140012380424764, 129.11753436523972], [35.140981716822424, 129.11756211403994], [35.142656529917026, 129.11759817611386], [35.14307592764661, 129.11761205230115], [35.14354254225857, 129.11762314965787], [35.144420222147566, 129.11764534589287], [35.1453395639332, 129.11766198591238], [35.145995046330306, 129.11767585562694]], [[35.14833084255146, 129.11479548651252], [35.148397502162716, 129.1148177049753], [35.148466939240656, 129.11483992336193], [35.148930779103985, 129.11499823021333], [35.14899466129989, 129.11502322628837], [35.14905298892197, 129.11506766526938], [35.14911409401074, 129.11511210417422], [35.149461282327884, 129.1153815156723], [35.14986679831844, 129.11569814368718], [35.15058895003025, 129.11625918621013], [35.15081115065176, 129.11643694243764], [35.151102788967485, 129.1166702474861], [35.151672177803164, 129.11711186013696], [35.15174439296404, 129.1171674088817], [35.152674857603905, 129.11788676525475], [35.152702632732954, 129.11791176231927], [35.15341089690534, 129.11846169507277], [35.15344978215793, 129.11850057951378], [35.15348033495914, 129.11853668664702], [35.15349422260073, 129.1185533514836], [35.154010845991635, 129.11934215760704], [35.1543219304787, 129.11978655487349], [35.15449691591378, 129.12005874862555], [35.15454135738424, 129.12016707131988], [35.15471356853838, 129.12061147239444], [35.154969108368455, 129.1213086269809], [35.15515520819235, 129.12182524361648], [35.15515520819235, 129.12182524361648], [35.155360751465, 129.12240574305213], [35.155396860535674, 129.12251406597494], [35.15547463376457, 129.12273904427684], [35.155480189057606, 129.1227584868781], [35.15552740881718, 129.1229112500759], [35.155563518144845, 129.12303346067986], [35.155563518144845, 129.12303346067986], [35.15562740681548, 129.12340842631937], [35.155566304912746, 129.12353619466228], [35.155566304912746, 129.12353619466228], [35.15560241526826, 129.12371395599095], [35.15560241526826, 129.12371395599095], [35.155641299493226, 129.12369728970697], [35.15564963235572, 129.12372228730453], [35.15564963235572, 129.12372228730453], [35.155719068611205, 129.12370006511]], [[35.15298605697873, 129.1245417335537], [35.153124941258156, 129.12513334496512], [35.15325827019342, 129.1257027362389], [35.153536038342594, 129.12686373877187], [35.15360547876119, 129.12706649701332], [35.15411655555164, 129.12830526416118], [35.154127666035095, 129.1283385942914], [35.154127666035095, 129.1283385942914], [35.15408600593662, 129.12844136427557], [35.15408600593662, 129.12844136427557], [35.15411378204248, 129.12851913452857], [35.15412767024961, 129.12856635226385], [35.15425266539877, 129.12906075028755], [35.15437210546059, 129.1295468158549], [35.15441932599204, 129.12974124209708], [35.15442210366431, 129.1297523521659], [35.15452765659864, 129.13024952825927], [35.15463876451793, 129.1307494817366], [35.15465543070584, 129.1308244747582], [35.15469431667857, 129.1309022447064], [35.15469431667857, 129.1309022447064], [35.15466098882612, 129.13099668185342], [35.15466098882612, 129.13099668185342], [35.15435546934202, 129.13109668154084]], [[35.155719068611205, 129.12370006511], [35.15564963235572, 129.12372228730453], [35.15564963235572, 129.12372228730453], [35.155641299493226, 129.12369728970697], [35.15560241526826, 129.12371395599095], [35.15520801767402, 129.12385839869353], [35.15520801767402, 129.12385839869353], [35.154388670094455, 129.12413339725518], [35.15436367381942, 129.12418339359314], [35.15436367381942, 129.12418339359314], [35.154266463410956, 129.12423339191184], [35.154266463410956, 129.12423339191184], [35.154241465902594, 129.12421672738006], [35.15420535837339, 129.12419173054425], [35.15420535837339, 129.12419173054425], [35.15413869804276, 129.1241306265753], [35.15413869804276, 129.1241306265753], [35.15363597970982, 129.12430007007467], [35.15305549287481, 129.1245000686056], [35.15299438896766, 129.12451951303524], [35.15298605697873, 129.1245417335537]], [[35.145995046330306, 129.11767585562694], [35.146020023858256, 129.11661205855734], [35.146020023858256, 129.11661205855734], [35.14608668151802, 129.1165287306427], [35.14608668151802, 129.1165287306427], [35.14611443332914, 129.11529272625052], [35.14612275807661, 129.11487887312126], [35.14612831244504, 129.11484832007028], [35.14612831244504, 129.11484832007028], [35.14613942159277, 129.11480943425832], [35.146172750936266, 129.1147955456636], [35.14683656049308, 129.11452610645406], [35.14695599068752, 129.11447888506453], [35.147008762246415, 129.1144622184007], [35.14704486926198, 129.1144594398748], [35.14705875659541, 129.11445943949417], [35.14713652561127, 129.1144566598264], [35.147192074944996, 129.11445665830388], [35.14725040184812, 129.11446221177772], [35.147322616238746, 129.1144760974796], [35.14738927574736, 129.11449276087004], [35.14800865456726, 129.11469550403902], [35.148116976281514, 129.11472327643236], [35.14833084255146, 129.11479548651252]]]}','광안리런',3355,'https://crewin-bucket.s3.ap-northeast-2.amazonaws.com/crewin/4e51d3ea-3eba-4fce-ae89-01b5b009c59a.webp','부산광역시 수영구 남천동'),(14,2,'{\"markers\": [{\"point\": [36.1159372, 128.4248235], \"title\": \"경유지 1\"}, {\"point\": [36.1106102, 128.4103223], \"title\": \"경유지 2\"}, {\"point\": [36.1017513, 128.4110982], \"title\": \"경유지 3\"}, {\"point\": [36.0957744, 128.4167194], \"title\": \"경유지 4\"}], \"polylines\": [[[36.110606472890055, 128.41033063945298], [36.10993988210522, 128.4103362131531], [36.10916219288956, 128.41034456749043], [36.10823729818508, 128.41035292594208], [36.1076345889227, 128.4103529427903], [36.10739572734062, 128.41036128206335], [36.10734851048592, 128.41036128338322], [36.10656248883016, 128.41036686041875], [36.10582646138813, 128.410366880992], [36.10580424169176, 128.41036688161307], [36.10578757671498, 128.41035577195083], [36.10578757671498, 128.41035577195083], [36.10578480477443, 128.4106557454856], [36.10578480477443, 128.4106557454856], [36.10574592102152, 128.41069463202064], [36.10572925706724, 128.4107390729986], [36.10572925706724, 128.4107390729986], [36.10550706010339, 128.41073907920932], [36.10550706010339, 128.41073907920932], [36.105507058978645, 128.41067797350507], [36.10549039374622, 128.41065297618275], [36.10546539658779, 128.4106529768815], [36.10540706988476, 128.41065297851176], [36.10512099124256, 128.41065020897585], [36.10512099124256, 128.41065020897585], [36.1050237800708, 128.41065021169297], [36.10489601696985, 128.41065854786004], [36.10440162882689, 128.4106641167422], [36.10393501530413, 128.41066968484776], [36.10366004661179, 128.41067247006478], [36.10329064426055, 128.41067803545303], [36.10243240868889, 128.41068916956667], [36.10238797006274, 128.41073083378893], [36.102207435182144, 128.41073917143035], [36.10216855142898, 128.41077805796536], [36.10212133452281, 128.41077528175288], [36.102007458169304, 128.41075306467914], [36.10178803861525, 128.41075029327908], [36.10174915414636, 128.41075029436573]], [[36.10174915414636, 128.41075029436573], [36.10165749789827, 128.41075029692715], [36.10165194195174, 128.41069474644192], [36.10085481028797, 128.41069199118598], [36.100507627529566, 128.41069200088782], [36.0996021749971, 128.41069758125352], [36.09841619879387, 128.41070316945635], [36.09823010883475, 128.41070317465594], [36.09823010883475, 128.41070317465594], [36.09821344406229, 128.41070317512157], [36.098096793057515, 128.41083372238663], [36.09811626591178, 128.41249746353336], [36.098124625750145, 128.41398899800572], [36.09813019682941, 128.4148666979757], [36.09794688433196, 128.41486670309845]], [[36.11593391113195, 128.42477921192022], [36.11558950563609, 128.42476811142905], [36.11548951700313, 128.42476811422682], [36.11542285791448, 128.42476811609197], [36.11485347830104, 128.4247736870874], [36.11444241371593, 128.42476258846077], [36.11401746187158, 128.42475426775445], [36.11353973819717, 128.42474317099234], [36.11348418895648, 128.4247431725465], [36.11262595318729, 128.4247431965577], [36.11210101301542, 128.4247515438397], [36.11137609547379, 128.42475434165166], [36.110895594489065, 128.42475157756155], [36.110842823886905, 128.4248154622743], [36.110842823886905, 128.4248154622743], [36.11083726343752, 128.4245154889714], [36.11083726343752, 128.4245154889714], [36.11065117368515, 128.42452660430513], [36.11065117368515, 128.42452660430513], [36.11065117245732, 128.42445994353662], [36.1106233817219, 128.42358502172704], [36.1106233817219, 128.42358502172704], [36.110612264046665, 128.42316005963883], [36.11060392910271, 128.42302118327095], [36.11060114626925, 128.42272954248668], [36.11057057039991, 128.42143799095325], [36.11057056845609, 128.42133244473663], [36.11056499665182, 128.42041585932705], [36.11057610256137, 128.42020198905124], [36.110651072707064, 128.41904375610463], [36.1106788406782, 128.41868267616644], [36.110678839808685, 128.41863545812222], [36.11066495050375, 128.41852713476223], [36.11063995027657, 128.4183604835407], [36.11061217407064, 128.41827438082515], [36.110592731069175, 128.41823271838877], [36.110592731069175, 128.41823271838877], [36.11055384491281, 128.41814106091988], [36.110489961342374, 128.41803551649005], [36.110489961342374, 128.41803551649005], [36.110612167370455, 128.41791052413188], [36.110612167370455, 128.41791052413188], [36.1106482736609, 128.41787163767398], [36.11065382745976, 128.41781053181444], [36.11065382745976, 128.41781053181444], [36.11072602735665, 128.41704393096063], [36.11072602735665, 128.41704393096063], [36.11072880394923, 128.41699671283882], [36.11069547379107, 128.4169633833868], [36.11069547379107, 128.4169633833868], [36.11064547850268, 128.4169106116768], [36.11064547850268, 128.4169106116768], [36.11068436123229, 128.41681617450112], [36.11071213421605, 128.4167272927002], [36.11071213421605, 128.4167272927002], [36.11075379251539, 128.41653008676263], [36.11086764201838, 128.4150940995317], [36.110853713081674, 128.41283318887105], [36.11085370827493, 128.41257210086314], [36.110828676294794, 128.41068060227215], [36.110828676294794, 128.41068060227215], [36.11081756583311, 128.41064727219882], [36.11077590344251, 128.4106222755757], [36.11077590344251, 128.4106222755757], [36.110775898022624, 128.4103278571842], [36.110775898022624, 128.4103278571842], [36.11067868690278, 128.41033063743404], [36.110606472890055, 128.41033063945298]]]}','한강 러닝',3726,'https://crewin-bucket.s3.ap-northeast-2.amazonaws.com/crewin/9709dba8-e817-4639-81e7-4bde64956381.webp','경상북도 구미시 황상동'),(15,7,'{\"markers\": [{\"point\": [36.1100652, 128.4183228], \"title\": \"경유지 1\"}, {\"point\": [36.0965425, 128.4293386], \"title\": \"경유지 2\"}, {\"point\": [36.0927095, 128.4413013], \"title\": \"경유지 3\"}, {\"point\": [36.0934486, 128.4587598], \"title\": \"경유지 4\"}, {\"point\": [36.0978894, 128.4775916], \"title\": \"경유지 5\"}, {\"point\": [36.0997663, 128.4915954], \"title\": \"경유지 6\"}, {\"point\": [36.100813, 128.5133535], \"title\": \"경유지 7\"}], \"polylines\": [[[36.09654453250763, 128.4293432393957], [36.09643343683677, 128.42949600676613], [36.09643343683677, 128.42949600676613], [36.09637788739003, 128.42948489819096], [36.09636677779736, 128.42949878616196], [36.09616680502707, 128.42974321457592], [36.0953419172467, 128.4307459267204], [36.095289147308094, 128.4308459193508], [36.09516416683304, 128.43113478618184], [36.09513083877116, 128.4312153355441], [36.09476701333326, 128.43241523957772], [36.09466425378301, 128.43277076655818], [36.094661476576675, 128.43278465429626], [36.094711471815614, 128.43283464847593], [36.094711471815614, 128.43283464847593], [36.09464203935528, 128.43305685298444], [36.09464203935528, 128.43305685298444], [36.09461148742546, 128.43306518643493], [36.094569825902944, 128.4330874078566], [36.094569825902944, 128.4330874078566], [36.094275412207026, 128.43294020688788], [36.094275412207026, 128.43294020688788], [36.093814381632015, 128.43446786242936], [36.093694957974265, 128.434859497794], [36.09366718504131, 128.43495115712972], [36.09364774418778, 128.4350261510399], [36.09363941231301, 128.4350539265938], [36.09357275670095, 128.4352428006402], [36.09342000876746, 128.43592052274306], [36.09335335607172, 128.4362677161192], [36.093247821310946, 128.43674545459135], [36.093239489947834, 128.43680100546635], [36.09313117030626, 128.43687600186206], [36.09313117030626, 128.43687600186206], [36.0930895132349, 128.4371398685765], [36.0930895132349, 128.4371398685765], [36.093108955572134, 128.43714542309704], [36.09317561701678, 128.4372731877096], [36.09305343247517, 128.43856474355414], [36.09303954746704, 128.43868973288713], [36.09303954746704, 128.43868973288713], [36.092906260241904, 128.44037014353884], [36.092884045099034, 128.44061734451776], [36.09283406362472, 128.441314506475]], [[36.110053905070295, 128.41832161448212], [36.11005667818493, 128.41808552418345], [36.11006500985501, 128.4180466385023], [36.110134441240305, 128.41776610582733], [36.110134441240305, 128.41776610582733], [36.11009555651603, 128.4177522192547], [36.109995567371165, 128.41772444673083], [36.109678936698586, 128.4177244555854], [36.1094845143557, 128.41772446102237], [36.10840130436324, 128.4177356014411], [36.10840130436324, 128.4177356014411], [36.108334645274134, 128.4177356033051], [36.108115229659326, 128.417946701874], [36.107843042930384, 128.41819390983483], [36.107787494609994, 128.41824390696445], [36.10739310164757, 128.4186049971555], [36.10642656106567, 128.41948550183417], [36.10625436133343, 128.4196438259748], [36.10625436133343, 128.4196438259748], [36.106101603528664, 128.41978548437964], [36.10612382532205, 128.41989936257144], [36.10612382532205, 128.41989936257144], [36.1060155062453, 128.4200049118174], [36.1060155062453, 128.4200049118174], [36.105987731010984, 128.4199715822097], [36.10589885217398, 128.41996880716292], [36.105518346162675, 128.42031045424235], [36.105518346162675, 128.42031045424235], [36.10519894339588, 128.42060210403682], [36.10507673711096, 128.42071320873524], [36.10483232443874, 128.4209298630681], [36.10466567952789, 128.4210826319897], [36.104518476442294, 128.4212131801114], [36.10395466110474, 128.42172703930342], [36.10383800959026, 128.4218298112506], [36.10306033309936, 128.42252977106972], [36.10282425276144, 128.4227436476381], [36.10280481262393, 128.4228575269955], [36.10280481262393, 128.4228575269955], [36.102649277509705, 128.42300751807483], [36.102649277509705, 128.42300751807483], [36.10257428536879, 128.4229714122551], [36.102240995545856, 128.42327695009922], [36.10160219011109, 128.42386580475488], [36.10160219011109, 128.42386580475488], [36.101099477913785, 128.4243241115994], [36.10095782980266, 128.42445743709848], [36.10040790156776, 128.42496018577643], [36.09958856472689, 128.42574625025742], [36.099510797373995, 128.42583235592562], [36.09906363508181, 128.4263267691351], [36.09868035354798, 128.4267739625138], [36.09833040089414, 128.42718504704408], [36.09828318506151, 128.42724059900556], [36.097647159898195, 128.42798221785085], [36.097536063869434, 128.42811554249644], [36.09686671002978, 128.4289043803199], [36.096563973105496, 128.42925435782573], [36.09655841940894, 128.42932101875084], [36.09655841940894, 128.42932101875084], [36.09654453250763, 128.4293432393957]], [[36.09283406362472, 128.441314506475], [36.092806296474606, 128.44172002693972], [36.09276742239298, 128.44228386704555], [36.092742432449384, 128.44267549977235], [36.092736878343906, 128.44271994044146], [36.09270910449017, 128.4427616042], [36.09267855281606, 128.4427838253114], [36.09267855281606, 128.4427838253114], [36.0926702255472, 128.44306157875567], [36.0926702255472, 128.44306157875567], [36.09268411285789, 128.44306157836724], [36.092747996278206, 128.4431587902044], [36.0927063454003, 128.44375873830606], [36.092723011247855, 128.4438170660143], [36.092745231968514, 128.4438726160351], [36.09265360053968, 128.44521972167456], [36.09258973707975, 128.44620574736314], [36.092564747393126, 128.4466112677517], [36.092564747393126, 128.4466112677517], [36.09256197059636, 128.44664737574695], [36.09250364501739, 128.4467084830852], [36.09250364501739, 128.4467084830852], [36.092492538956385, 128.44691402077285], [36.092492538956385, 128.44691402077285], [36.09250364885614, 128.4469167979942], [36.09253420247522, 128.4470001231031], [36.09253420303824, 128.44703067595643], [36.09253420303824, 128.44703067595643], [36.0926786312744, 128.44704178204466], [36.0926786312744, 128.44704178204466], [36.09259255318604, 128.44830278403623], [36.09256478649856, 128.44873330229225], [36.092548127458706, 128.4490443863563], [36.092523141458486, 128.44964988905872], [36.09250370582691, 128.45000819124684], [36.0924592803052, 128.45076090369642], [36.09245650355973, 128.45079978922394], [36.0924481735281, 128.45092755593492], [36.09244817910802, 128.45123030693685], [36.09245651543629, 128.4514441766776], [36.09246485135505, 128.45163582616135], [36.09247318809293, 128.45187191615918], [36.09248708042069, 128.45214411391933], [36.09249820250486, 128.4528079437876], [36.09251487879691, 128.4534328880509], [36.09253155514047, 128.45406060984658], [36.0925343366473, 128.4542800348074], [36.0925787826976, 128.45464111274129], [36.092614895747154, 128.45496886052277], [36.09262878428672, 128.4550355209054], [36.09270656034389, 128.45542159569592], [36.092898220797885, 128.45626596010212], [36.09290377608062, 128.45628540267165], [36.09307599291763, 128.45705477425432], [36.09316765684952, 128.4574714015098], [36.093167657259166, 128.4574936217669], [36.09319265631317, 128.4575963897564], [36.093384316256675, 128.45841297884138], [36.093462091444415, 128.45875183558573]], [[36.093462091444415, 128.45875183558573], [36.09360097551097, 128.45934622357666], [36.09380096866157, 128.4602072529428], [36.09396485290987, 128.46096551463046], [36.09409262671922, 128.46153768267536], [36.094273176099854, 128.46231538662164], [36.094670383919535, 128.46398189478924], [36.09499815016772, 128.46537620675073], [36.09502592724806, 128.46550952751616], [36.09526758546044, 128.4665399851772], [36.09545924576887, 128.46737601698783], [36.09556757555323, 128.46785097195223], [36.09590645370406, 128.46935638488907], [36.096192549008784, 128.47026185235907], [36.096192549008784, 128.47026185235907], [36.09621476988446, 128.47032573497629], [36.09621476988446, 128.47032573497629], [36.09604256928014, 128.47043684108496], [36.09604256928014, 128.47043684108496], [36.09644810058235, 128.4716200584256], [36.096786968284746, 128.47255885480328], [36.09708416621535, 128.47307268992793], [36.097348031576885, 128.47342265158875], [36.09740080463896, 128.47349208841445], [36.097659116357406, 128.47391148853447], [36.097806330050965, 128.47435588955574], [36.097864668799275, 128.47500860797837], [36.097870226183474, 128.47514192936626], [36.097870226183474, 128.47514192936626], [36.09794246187795, 128.47631682344567], [36.09793968733708, 128.4764751428565], [36.09793968810584, 128.47651680583888], [36.097931362587026, 128.47688899538156], [36.09790081680726, 128.4772306326931], [36.09785360640837, 128.47758060306808]], [[36.09785360640837, 128.47758060306808], [36.09781194990881, 128.47787502264435], [36.09763421539507, 128.4791249170977], [36.09749536089309, 128.48013316516457], [36.09749536089309, 128.48013316516457], [36.09766200903298, 128.48015538075276], [36.09766200903298, 128.48015538075276], [36.0976425700271, 128.48033036582396], [36.09762868410025, 128.48040535958157], [36.097609245196914, 128.48058589971714], [36.097609249605185, 128.48082476748354], [36.09763702771247, 128.4810136388927], [36.09768424964401, 128.48128861325435], [36.09805923169323, 128.48262459572103], [36.098289778072754, 128.4835467299415], [36.09841755020141, 128.4840272394267], [36.098500879808284, 128.4843383206948], [36.09859532136591, 128.4847632804706], [36.09865921135257, 128.48521601642437], [36.09870365741231, 128.4855770943614], [36.09874810695861, 128.48612704448624], [36.09877866637433, 128.48652423073088], [36.09880089145529, 128.48681587098648], [36.0988175604327, 128.48704362815775], [36.098828673152696, 128.4871991696482], [36.09884812097674, 128.48750192011045], [36.09889257426702, 128.48825463008475], [36.09895924346057, 128.48880180205535], [36.09902035301243, 128.48909344122134], [36.09913979178258, 128.4895211778292], [36.09918978953733, 128.4897072710838], [36.099253675833666, 128.48996002472143], [36.09958143821551, 128.4911432442428], [36.0996314360218, 128.4913321150296], [36.09967310067237, 128.49147932306727], [36.099706432731296, 128.49161542120976]], [[36.099706432731296, 128.49161542120976], [36.09971198801463, 128.49163486377932], [36.09971198801463, 128.49163486377932], [36.099553673696626, 128.4916904188611], [36.099553673696626, 128.4916904188611], [36.09968422318826, 128.49216537320464], [36.09971200124608, 128.4923514670822], [36.09973144676355, 128.49252922859685], [36.09973978330423, 128.49275420847007], [36.099723123146994, 128.49300418683376], [36.09967591403444, 128.49342359551733], [36.099614816534086, 128.4937846764145], [36.09960093081316, 128.4938707803016], [36.09940930649024, 128.49498457608166], [36.09928988967046, 128.4957456232501], [36.09924823261057, 128.49600948997627], [36.09919268977862, 128.49635668305768], [36.0991315925866, 128.4967344291491], [36.09906493985478, 128.49707884501004], [36.09899828712302, 128.49742326087113], [36.09891774743949, 128.49778711984712], [36.0988677572752, 128.49801210135678], [36.0986594613078, 128.49875370829434], [36.09848449283487, 128.49938421300996], [36.0983983975604, 128.4997119642239], [36.09836784773352, 128.49983417649744], [36.09831507964556, 128.5000341602957], [36.09820399105902, 128.50057022712605], [36.09816788728253, 128.50074521266734], [36.098170669002705, 128.5009757477623], [36.0981734470292, 128.50100630053868], [36.09819844706176, 128.50116184164108], [36.09829010911106, 128.50147570020982], [36.098534541174544, 128.50230895301684], [36.09875119712888, 128.50306165816875], [36.09949282627559, 128.50559196920972], [36.09961226443606, 128.50598637543328], [36.0997428116757, 128.50633911836206], [36.09986224896408, 128.50668630653806], [36.09992891221311, 128.50691128477712], [36.09997057763539, 128.50710015579867], [36.10000391164615, 128.50734180016593], [36.100059469819065, 128.5078250892122], [36.10014558361725, 128.50850002712403], [36.10015669598064, 128.50863612589075], [36.10020392171618, 128.50911663763878], [36.10022892169851, 128.5092694012092], [36.100256699040415, 128.50941660963724], [36.10031502877434, 128.50958048240147], [36.10040946741566, 128.50984712284458], [36.10056501356119, 128.5102943011672], [36.10064000996736, 128.5105609421557], [36.10069000864931, 128.51079703099123], [36.10073722997177, 128.51103867496911], [36.10074556620773, 128.5112469896514], [36.10074557041643, 128.51147474729302], [36.100734464211826, 128.51167195239202], [36.10071502485078, 128.5118274947416], [36.10068169864073, 128.51200803527084], [36.10055394759587, 128.5126690915233], [36.100484522641345, 128.51329681575302]]]}','인동 10km',9824,'https://crewin-bucket.s3.ap-northeast-2.amazonaws.com/crewin/f3ea0b0f-5236-4948-a6b3-63806a4e6200.webp','경상북도 구미시 황상동'),(18,7,'{\"markers\": [{\"point\": [37.5092055, 126.9654267], \"title\": \"경유지 1\"}, {\"point\": [37.5144607, 126.9552718], \"title\": \"경유지 2\"}, {\"point\": [37.5180902, 126.9470052], \"title\": \"경유지 3\"}, {\"point\": [37.5306072, 126.9289057], \"title\": \"경유지 4\"}, {\"point\": [37.5332, 126.9158918], \"title\": \"경유지 5\"}], \"polylines\": [[[37.514329778040256, 126.95519961972036], [37.51435477389209, 126.95513018089564], [37.51486857079603, 126.95332755281908], [37.51494078363107, 126.95327200028645], [37.51532962469253, 126.95312478050424], [37.51543516663917, 126.953049784358], [37.51548238198166, 126.95297201233237], [37.515699008306285, 126.95212486116544], [37.516140597944656, 126.95068886840242], [37.51650165252491, 126.94987504346108], [37.516698845613625, 126.94952784730312], [37.516882152819385, 126.9492584222304], [37.51728209326044, 126.9485279219368], [37.51750428011329, 126.94799463091567], [37.51765425547352, 126.9475918855954], [37.51779589812097, 126.94716969783713], [37.517865329822534, 126.94690860855164]], [[37.50920277916718, 126.96542383316208], [37.509286097694726, 126.96513774575492], [37.509286097694726, 126.96513774575492], [37.50908890147259, 126.96530995785773], [37.50901668714496, 126.96528218464712], [37.50895558199081, 126.9652183033004], [37.50892780535183, 126.96510164804177], [37.50891391379961, 126.9648627812993], [37.50883613675378, 126.96439893684916], [37.50875280653874, 126.96403230592432], [37.50875280653874, 126.96403230592432], [37.50885834788957, 126.96392397947872], [37.50896388953878, 126.96383231818204], [37.50937772382015, 126.96346845075531], [37.509541590930326, 126.9633156822672], [37.50958325205919, 126.96327679574438], [37.50965268724078, 126.96321013318982], [37.509699903030985, 126.96315735888622], [37.5097165674129, 126.96313791574237], [37.51049702023408, 126.9624657327183], [37.51091085471345, 126.9621129753916], [37.5111358244408, 126.96188243448526], [37.51132190999702, 126.96166300477536], [37.51142467399193, 126.96156023345814], [37.511466335269866, 126.96152967950984], [37.51156354455368, 126.96143801844862], [37.511649641928855, 126.9612297016592], [37.51172462988188, 126.9610436053817], [37.511996810326735, 126.96047698264292], [37.51204402472441, 126.9603464376452], [37.51227731532946, 126.95947428827652], [37.51245228420339, 126.95887156045929], [37.51262447776064, 126.95838826628692], [37.51271335293904, 126.95819939209356], [37.513210499729986, 126.9572133567669], [37.51323271857432, 126.95716891574344], [37.51323271857432, 126.95716891574344], [37.51331048830838, 126.9572244640452], [37.51331048830838, 126.9572244640452], [37.51353823181072, 126.95678838622824], [37.51360211218148, 126.95672727888076], [37.51367154940135, 126.9567744948432], [37.51367154940135, 126.9567744948432], [37.51381597576772, 126.95670227512414], [37.51381597576772, 126.95670227512414], [37.51399927959247, 126.95624397836303], [37.51415758483081, 126.95570235656396], [37.514329778040256, 126.95519961972036]], [[37.517865329822534, 126.94690860855164], [37.51789032522715, 126.94681417200492], [37.5179680871066, 126.94643087139538], [37.51802918112505, 126.94587258719662], [37.51805139390562, 126.94548928815418], [37.51805694717533, 126.94539762968073], [37.51803749669036, 126.94493378359569], [37.517934714058214, 126.94399498312852], [37.51777916321184, 126.94324783335756], [37.51772361033576, 126.94303674304324], [37.51765972325607, 126.94272288454822], [37.517626390765145, 126.9425534564785], [37.51757361285935, 126.9422034898485], [37.51762360342075, 126.94200072913216], [37.51779580289456, 126.94184796041507], [37.517945783076584, 126.94171463499788], [37.517973557178834, 126.94168963649192], [37.518140202339, 126.94157019822852], [37.51841516844091, 126.94146186700948], [37.51906786931004, 126.94140352058346], [37.519637246629635, 126.94135073155628], [37.519637246629635, 126.94135073155628], [37.519681684765736, 126.94128684723404], [37.5197400108723, 126.9412618478665], [37.52015107286208, 126.94118684310588], [37.520387154743055, 126.94108684555732], [37.52045658942692, 126.94099240775805], [37.520462144237406, 126.9409868525519], [37.520462144237406, 126.9409868525519], [37.52050102895445, 126.94100629412844], [37.52058990825799, 126.94104795449286], [37.52058990825799, 126.94104795449286], [37.52073433581549, 126.94104239537016], [37.52074266564579, 126.94090074137372], [37.52073988779328, 126.94087852125418], [37.52073988704784, 126.94083685838316], [37.52073988704784, 126.94083685838316], [37.520748218667215, 126.94079519527716], [37.52075655038599, 126.94075908722064], [37.52081209764603, 126.94065631723888], [37.52081209764603, 126.94065631723888], [37.520898197307964, 126.94057576659335], [37.520987073977565, 126.94047021814691], [37.521198155881464, 126.940209124869], [37.52123148454559, 126.94016468353333], [37.52153699758159, 126.93977304393], [37.522114696281236, 126.93910642170256], [37.52255074612075, 126.93851479663826], [37.52255074612075, 126.93851479663826], [37.52259240873979, 126.93855923585888], [37.522725723396064, 126.93838147051672], [37.522725723396064, 126.93838147051672], [37.52324509514386, 126.93769262973804], [37.52324509514386, 126.93769262973804], [37.52324231689386, 126.93764818942088], [37.52324231689386, 126.93764818942088], [37.523383965654034, 126.93756763720916], [37.52334508058939, 126.93752875295972], [37.52334508058939, 126.93752875295972], [37.52342840125565, 126.93736209912667], [37.52384500965547, 126.93681213748316], [37.5243310515958, 126.93610385497324], [37.52437548958259, 126.93603163807744], [37.52440326338645, 126.93598997442346], [37.524775433600325, 126.93550111957812], [37.52483653611786, 126.93541779211355], [37.52486431007077, 126.93538446103376], [37.52514482645851, 126.93501781986092], [37.52528091886747, 126.93485671958972], [37.52538090411409, 126.93468173271332], [37.525417010133594, 126.93463173625034], [37.52545867121201, 126.9345900722048], [37.52554199321975, 126.93449841153964], [37.52574196530292, 126.93423731857766], [37.52595304690757, 126.93395956015424], [37.526094693928115, 126.93378179457848], [37.52652796670842, 126.9332123897954], [37.52658351446508, 126.93313739506192], [37.52668072300196, 126.93300407113486], [37.526736271156096, 126.932951296599], [37.526794596715455, 126.93289574446013], [37.5268501444721, 126.9328207497267], [37.52710844171683, 126.93248188442904], [37.5271501025964, 126.93242911028489], [37.52726119805995, 126.93227634329344], [37.52768891573117, 126.93169582856969], [37.52768891573117, 126.93169582856969], [37.52780279282305, 126.9317763735744], [37.5279333357871, 126.93192080117704], [37.52802221513894, 126.93196523906562], [37.528105538786015, 126.93196523671573], [37.528169419851274, 126.9319430147166], [37.52830273609662, 126.9318541301666], [37.528527706515305, 126.93166247461812], [37.528527706515305, 126.93166247461812], [37.52854159403824, 126.93167636184992], [37.52859992267792, 126.931793016242], [37.52859992267792, 126.931793016242], [37.52866380314691, 126.9317374639466], [37.52895265532624, 126.93156247174464], [37.52925539448183, 126.93137081400292], [37.5294664786194, 126.93123470933996], [37.529530359137986, 126.93118193456924], [37.529530359137986, 126.93118193456924], [37.52979976833771, 126.93096250252076], [37.530246930576325, 126.93051530843492], [37.530246930576325, 126.93051530843492], [37.53034969168732, 126.93025144069172], [37.5303691309899, 126.9300903437118], [37.5303524633789, 126.92992924775024], [37.53030802136804, 126.92977648514604], [37.53030802136804, 126.92977648514604], [37.53050799156207, 126.9294098462483], [37.53059964449313, 126.9292376371332], [37.53059964449313, 126.9292376371332], [37.53047465544598, 126.9290376588811]], [[37.53047465544598, 126.9290376588811], [37.53013024135179, 126.92849605128106], [37.53013024135179, 126.92849605128106], [37.53009413657446, 126.92861548586056], [37.530046921381405, 126.9287015904572], [37.529996929230265, 126.928815470379], [37.52995249213795, 126.9289376827182], [37.52993027543, 126.92910155730104], [37.529938610527154, 126.92925432092358], [37.529977498025595, 126.92942930388196], [37.529977498025595, 126.92942930388196], [37.52996361472571, 126.92965150624823], [37.529938618178186, 126.92968205972473], [37.5298941786018, 126.92966539582989], [37.52982195642804, 126.92919877371968], [37.52969974354402, 126.92892657974716], [37.52966641324074, 126.92887936276746], [37.52966641324074, 126.92887936276746], [37.52966918980139, 126.92882936724484], [37.52968863029651, 126.92873493085736], [37.52969973887407, 126.92866549242702], [37.529727511286765, 126.92854605808245], [37.529746952079975, 126.9284682868431], [37.52977750254372, 126.92838218271642], [37.52988859577146, 126.9281044271154], [37.52989692803678, 126.92809887183104], [37.52996358437085, 126.92795443866792], [37.529983025859586, 126.92791555277417], [37.530052459300805, 126.92775167685998], [37.53007745545092, 126.92769890318615], [37.53014411228179, 126.92758224526992], [37.53017188583712, 126.92752669399312], [37.53018855002, 126.92749614075171], [37.53025242865081, 126.92733782004366], [37.53031908473651, 126.9271794992573], [37.53034685809315, 126.92711283788184], [37.53041073667429, 126.92695173964918], [37.53045794997967, 126.92676008911504], [37.53048572338597, 126.92669620526428], [37.53051071958578, 126.92664620911523], [37.53064680816893, 126.9262712394464], [37.53085232900123, 126.92566573327188], [37.530991193747845, 126.92521854788376], [37.53111339446068, 126.92481024831116], [37.53114394442779, 126.9246963689382], [37.53115505365124, 126.92466303832887], [37.531177272197496, 126.9246019321596], [37.53121337717373, 126.92449360767938], [37.531280031521014, 126.92423807353023], [37.53147721904536, 126.9235797946236], [37.53147999625189, 126.92356590692194], [37.53149943739296, 126.92350757835574], [37.531554982963925, 126.92331037253814], [37.53166329709806, 126.9229409587034], [37.53181882518371, 126.92241600215633], [37.53186603948285, 126.92227990211651], [37.531885481070965, 126.92224657127235], [37.53189381318726, 126.92223268341412], [37.531921587040664, 126.92219379728571], [37.531941028827454, 126.92217157654024], [37.53196324806912, 126.92214935571644], [37.53199102227021, 126.92212991226069], [37.53200768675112, 126.92211602416752], [37.53203546105154, 126.9221021357611], [37.53203546105154, 126.9221021357611], [37.53199379709265, 126.92198270337528], [37.53199379709265, 126.92198270337528], [37.532010460828545, 126.92192715241217], [37.53202990187032, 126.92186326879676], [37.53202990187032, 126.92186326879676], [37.532115997408674, 126.92155218360703], [37.532115997408674, 126.92155218360703], [37.53213821555766, 126.92146885724074], [37.53216876736261, 126.92145774628068], [37.53216876736261, 126.92145774628068], [37.53223264847707, 126.92143830180694], [37.53223264847707, 126.92143830180694], [37.53222431551644, 126.92140497174594], [37.53221320480293, 126.92135497661528], [37.532207648850175, 126.92129664875404], [37.532204870749624, 126.92126054101178], [37.53220486950795, 126.92119110289526], [37.53221320038258, 126.92110777692052], [37.53223541873024, 126.92103556065292], [37.532457601710355, 126.9202856227304], [37.532613129399266, 126.91973844598785], [37.532882525785176, 126.91880241258356], [37.53291863041402, 126.91867464543157], [37.53302694370462, 126.91825801367985], [37.53302694370462, 126.91825801367985], [37.53285473996327, 126.91817191527032], [37.53285473996327, 126.91817191527032], [37.53291028558438, 126.91797748697864], [37.532993604065744, 126.91768862206584], [37.53305748081, 126.91742475542311], [37.53309080743781, 126.91726643557844], [37.53312135690873, 126.91712478096], [37.533193563286446, 126.91670815022684], [37.533246328721646, 126.91636095815817], [37.53330742468422, 126.91591099744274]]]}','여의도 코스',6036,'https://crewin-bucket.s3.ap-northeast-2.amazonaws.com/crewin/6186a092-8dbc-4c01-a907-d8a1057f7bbb.webp','서울특별시 동작구 흑석동'),(19,18,'{\"markers\": [{\"point\": [37.5587861, 126.9758133], \"title\": \"경유지 1\"}, {\"point\": [37.5696037, 126.9777874], \"title\": \"경유지 2\"}, {\"point\": [37.5698758, 126.9841389], \"title\": \"경유지 3\"}], \"polylines\": [[[37.55872220587086, 126.97562705979745], [37.55876108984007, 126.97560483849976], [37.55877219946016, 126.97559372808668], [37.55884996784689, 126.97557428321332], [37.55884996784689, 126.97557428321332], [37.558886074560505, 126.97556317209288], [37.55901661503742, 126.97556872344816], [37.559074941638784, 126.97557149932229], [37.55916382004407, 126.97556316423314], [37.55923047886048, 126.97555760729746], [37.559386016381026, 126.9755603804206], [37.55958877113186, 126.9755909274542], [37.55994150869267, 126.97563535786657], [37.5600498293813, 126.97563257727644], [37.560138707886104, 126.97562979723652], [37.56015537246565, 126.97562146419094], [37.56015537246565, 126.97562146419094], [37.56015538018702, 126.97605198051376], [37.56015538018702, 126.97605198051376], [37.56027758805017, 126.9760436444812], [37.56030536264829, 126.97604642121983], [37.56030536264829, 126.97604642121983], [37.5606803183032, 126.97600474773829], [37.5606803183032, 126.97600474773829], [37.56073864405756, 126.97596030569298], [37.56079974766528, 126.97593808376637], [37.56082474470893, 126.97593530553424], [37.56086640663099, 126.97594085940447], [37.5609469533192, 126.97596863237152], [37.56118026121857, 126.976063061607], [37.56124969803762, 126.97608805736375], [37.56157466259384, 126.97621859182554], [37.5619301793025, 126.97635745799636], [37.56224958889906, 126.97648521509022], [37.56237179780808, 126.97653520707507], [37.56238846268648, 126.97654353917736], [37.563041169352616, 126.97681016306971], [37.563074499109405, 126.97682682727424], [37.56312449379441, 126.97685460110569], [37.56348556501365, 126.97697124692075], [37.56378830968154, 126.9770878943866], [37.56384941408615, 126.97711011285416], [37.563866079711865, 126.9771601078262], [37.563866079711865, 126.9771601078262], [37.5640355055021, 126.97721843104796], [37.5640355055021, 126.97721843104796], [37.56404106001315, 126.97719621069348], [37.564043837418154, 126.97719343309022], [37.56405216973278, 126.9771906553297], [37.56406327955206, 126.9771906550152], [37.564104941623455, 126.97720454145912], [37.564371578930135, 126.9772961922248], [37.564541004919576, 126.977365625545], [37.564541004919576, 126.977365625545], [37.56470765325488, 126.97742394884514], [37.56470765325488, 126.97742394884514], [37.56474931542589, 126.97744339033832], [37.56477709032283, 126.9774628322246], [37.56481042047816, 126.9775017166262], [37.56481042047816, 126.9775017166262], [37.56510205378187, 126.97753226114152], [37.56510205378187, 126.97753226114152], [37.5651103854986, 126.97749615308518], [37.565127049131355, 126.97743504707113], [37.56513260384168, 126.97742393681528], [37.56514649076699, 126.9774044937496], [37.56516037774212, 126.97738782820856], [37.56517426491654, 126.97738227276612], [37.565185374735805, 126.9773822724516], [37.565221481648386, 126.97738227142943], [37.565221481648386, 126.97738227142943], [37.565674206683376, 126.97737670356368], [37.565857518750825, 126.97737947589876], [37.56599361393695, 126.97737391699658], [37.56615470626619, 126.97737113491137], [37.566354683012555, 126.97737112924987], [37.56662965083942, 126.97736001136668], [37.5669546130022, 126.97735722464188], [37.56697683264066, 126.9773572240128], [37.566990720363144, 126.9773822213414], [37.566990720363144, 126.9773822213414], [37.56709348624086, 126.97738499595658], [37.56709348624086, 126.97738499595658], [37.56709070833761, 126.97735999831342], [37.56713514761453, 126.97735999705526], [37.567326791996216, 126.9773599916294], [37.56799060319643, 126.97733219758877], [37.56803781982844, 126.97732664120262], [37.56885161348762, 126.97729328786544], [37.56893493718147, 126.97729606303082], [37.56899604168537, 126.97732383654709], [37.56904048195874, 126.97737938578152], [37.56904881596749, 126.97747104385856], [37.56904326265241, 126.97755992480424], [37.56904326265241, 126.97755992480424], [37.56912380904093, 126.97757103262212], [37.56912380904093, 126.97757103262212], [37.569126584901205, 126.97748215175513], [37.569157136007085, 126.9774321554466], [37.56918213275148, 126.97741271206635], [37.56919046501622, 126.97740715678115], [37.569201574785595, 126.97740437894196], [37.56923490424319, 126.97740437799824], [37.56924601411222, 126.97740715520828], [37.56929600874707, 126.97743215151442], [37.56931822903324, 126.97746825870554], [37.56932378434147, 126.97749047874532], [37.56932378603567, 126.97758491458292], [37.56932378603567, 126.97758491458292], [37.56942099720279, 126.97759879945356], [37.56942099720279, 126.97759879945356], [37.56941544373824, 126.97767934782526], [37.569409890373365, 126.97776545124626]], [[37.569409890373365, 126.97776545124626], [37.56936823991272, 126.97839872804302], [37.56931825938026, 126.9791597712094], [37.56931548272278, 126.97920421168226], [37.56931548272278, 126.97920421168226], [37.569315482971945, 126.97921809930546], [37.56938491934197, 126.9792180973392], [37.56938491934197, 126.9792180973392], [37.569384921086126, 126.97931531070154], [37.569384921086126, 126.97931531070154], [37.569340481759475, 126.97931253443532], [37.56931826251973, 126.97933475526162], [37.56929326592485, 126.97936253121586], [37.56928771191224, 126.97941252681666], [37.56928771191224, 126.97941252681666], [37.56928494173315, 126.97981804549266], [37.56928494173315, 126.97981804549266], [37.56928494342751, 126.97991248133042], [37.56928494342751, 126.97991248133042], [37.56925995978976, 126.98066241369123], [37.56925718687004, 126.9809151685123], [37.56924885689779, 126.98104848993106], [37.56919887537001, 126.98175398260614], [37.569198876416614, 126.98181231062368], [37.569157225509265, 126.98242058970062], [37.569157225509265, 126.98242058970062], [37.56921555355536, 126.98250391378812], [37.56921555355536, 126.98250391378812], [37.569168345794914, 126.98300386956149], [37.569168345794914, 126.98300386956149], [37.56955441281033, 126.98304829902168], [37.56963773660399, 126.98305662923568], [37.56974050258127, 126.98306495889904], [37.56974050258127, 126.98306495889904], [37.569918260286805, 126.9830982841602], [37.56997936523947, 126.98315105539778], [37.57004880375276, 126.9832704869908], [37.57004880375276, 126.9832704869908], [37.57005436269962, 126.9834954663296], [37.570054364244754, 126.98358156959354], [37.57005437032565, 126.98392042760013], [37.57005437112315, 126.98396486799444], [37.57005437112315, 126.98396486799444], [37.56982661982919, 126.98396487444523], [37.56982661982919, 126.98396487444523], [37.56982662291951, 126.98413708097328]]]}','ㅁ',2011,'https://crewin-bucket.s3.ap-northeast-2.amazonaws.com/crewin/22fa2105-2d8e-4f7c-bbd9-633c908e2afe.webp','서울특별시 중구 남창동'),(20,18,'{\"markers\": [{\"point\": [37.5620519, 126.9775299], \"title\": \"경유지 1\"}, {\"point\": [37.5669505, 126.9785599], \"title\": \"경유지 2\"}, {\"point\": [37.5666103, 126.9861988], \"title\": \"경유지 3\"}], \"polylines\": [[[37.56204407363271, 126.9773990265204], [37.56212184221839, 126.97739069174516], [37.56228571170436, 126.97737124443422], [37.562413474377216, 126.97735735319456], [37.56256067908435, 126.9773351288306], [37.56286064350783, 126.9772962349947], [37.56297451865736, 126.97726845652475], [37.56297451865736, 126.97726845652475], [37.56299951325969, 126.9771295795844], [37.563074499109405, 126.97682682727424], [37.563074499109405, 126.97682682727424], [37.56312449379441, 126.97685460110569], [37.56348556501365, 126.97697124692075], [37.56378830968154, 126.9770878943866], [37.56384941408615, 126.97711011285416], [37.563866079711865, 126.9771601078262], [37.563866079711865, 126.9771601078262], [37.5640355055021, 126.97721843104796], [37.5640355055021, 126.97721843104796], [37.56404106001315, 126.97719621069348], [37.564043837418154, 126.97719343309022], [37.56405216973278, 126.9771906553297], [37.56406327955206, 126.9771906550152], [37.564104941623455, 126.97720454145912], [37.564371578930135, 126.9772961922248], [37.564541004919576, 126.977365625545], [37.564541004919576, 126.977365625545], [37.56470765325488, 126.97742394884514], [37.56470765325488, 126.97742394884514], [37.56474931542589, 126.97744339033832], [37.56477709032283, 126.9774628322246], [37.56481042047816, 126.9775017166262], [37.56481042047816, 126.9775017166262], [37.56510205378187, 126.97753226114152], [37.56510205378187, 126.97753226114152], [37.5651103854986, 126.97749615308518], [37.565127049131355, 126.97743504707113], [37.56513260384168, 126.97742393681528], [37.56514649076699, 126.9774044937496], [37.56516037774212, 126.97738782820856], [37.56517426491654, 126.97738227276612], [37.565185374735805, 126.9773822724516], [37.565221481648386, 126.97738227142943], [37.565221481648386, 126.97738227142943], [37.565674206683376, 126.97737670356368], [37.565857518750825, 126.97737947589876], [37.56599361393695, 126.97737391699658], [37.56615470626619, 126.97737113491137], [37.566354683012555, 126.97737112924987], [37.56662965083942, 126.97736001136668], [37.5669546130022, 126.97735722464188], [37.5669546130022, 126.97735722464188], [37.56697683264066, 126.9773572240128], [37.566990720363144, 126.9773822213414], [37.566990720363144, 126.9773822213414], [37.56699349936257, 126.97746832452673], [37.566996284042276, 126.9778710655214], [37.566996286035376, 126.97798216650716], [37.56698518533468, 126.9784904538317], [37.56697685571084, 126.97864321792308], [37.56697685571084, 126.97864321792308], [37.56692963783301, 126.97857933619308]], [[37.56692963783301, 126.97857933619308], [37.56697685571084, 126.97864321792308], [37.56697685571084, 126.97864321792308], [37.566929646054845, 126.97903762775968], [37.56692131478667, 126.9790987335378], [37.5668824303695, 126.97909595711413], [37.5668824303695, 126.97909595711413], [37.566868546334405, 126.97927649660936], [37.566868546334405, 126.97927649660936], [37.566565803261696, 126.97924872993464], [37.56632138698909, 126.9792348492316], [37.56632138698909, 126.9792348492316], [37.566229730880615, 126.97922929677736], [37.566229730880615, 126.97922929677736], [37.56619084641357, 126.979223742829], [37.56614363008038, 126.97924596436305], [37.56613252046045, 126.97925707477616], [37.56612696594945, 126.97927929513064], [37.56612696664707, 126.97931818047572], [37.566126967643655, 126.97937373096872], [37.56612419532133, 126.9796598160863], [37.56613532213302, 126.98060695167771], [37.56614088885307, 126.98126522486304], [37.566140892042434, 126.98144298644084], [37.566140892042434, 126.98144298644084], [37.56613811757767, 126.98160963799867], [37.56613811757767, 126.98160963799867], [37.56614090365392, 126.98209014968516], [37.566165901195795, 126.98211514669924], [37.56631033198589, 126.98229012666276], [37.56631033198589, 126.98229012666276], [37.56622701028501, 126.98239845248374], [37.56622701028501, 126.98239845248374], [37.56619645927875, 126.98245400384197], [37.566196460076135, 126.98249844423644], [37.566196460076135, 126.98249844423644], [37.566210353579805, 126.9828456344251], [37.566210353579805, 126.9828456344251], [37.56622424190047, 126.98290396204962], [37.56632423231722, 126.98301783772908], [37.56632423231722, 126.98301783772908], [37.56642977744425, 126.98312060315256], [37.56642977744425, 126.98312060315256], [37.566346456341485, 126.98326225926957], [37.566227029023835, 126.98344280175424], [37.5662242527153, 126.9835066849], [37.566221481889066, 126.98387609575803], [37.56622704302867, 126.98422328618292], [37.56622704447403, 126.984303834398], [37.56622704447403, 126.984303834398], [37.56622704950793, 126.98458436438852], [37.56622704950793, 126.98458436438852], [37.56622705060443, 126.984645469931], [37.566235399566274, 126.98557038540665], [37.56623817816749, 126.98563426839516], [37.56623817816749, 126.98563426839516], [37.56624095970946, 126.98586202533868], [37.56624095970946, 126.98586202533868], [37.566274288569176, 126.98582869409884], [37.56638816411711, 126.98582313582445], [37.56648537503579, 126.98582313307128], [37.56666313214421, 126.98582312803696], [37.56666313214421, 126.98582312803696], [37.566790895215384, 126.98583145699249], [37.56678534394438, 126.98603421644992], [37.566788124240354, 126.98619253527684]]]}','123',1583,'https://crewin-bucket.s3.ap-northeast-2.amazonaws.com/crewin/9eafe728-397a-40e8-825b-685cf2a048d6.webp','서울특별시 중구 북창동'),(21,8,'{\"markers\": [{\"point\": [36.1144475, 128.4165676], \"title\": \"경유지 1\"}, {\"point\": [36.1063346, 128.4262665], \"title\": \"경유지 2\"}, {\"point\": [36.0965564, 128.4200867], \"title\": \"경유지 3\"}, {\"point\": [36.0923257, 128.4257515], \"title\": \"경유지 4\"}, {\"point\": [36.091424, 128.4414585], \"title\": \"경유지 5\"}], \"polylines\": [[[36.106598888931664, 128.42628489543117], [36.10660721850415, 128.42613213093605], [36.106615543472486, 128.42572938855767], [36.106615543472486, 128.42572938855767], [36.10613504274015, 128.42574051212506], [36.105612880281114, 128.4257627469855], [36.10525181005893, 128.42575442448776], [36.10513515665207, 128.4257544277503], [36.10501572532273, 128.4257294333021], [36.104935178564645, 128.4257099928305], [36.10478241702543, 128.42564889139783], [36.1046518751316, 128.42558501181168], [36.10439634570535, 128.42542669963143], [36.104340795696615, 128.42538503820427], [36.1042324731924, 128.4253044928043], [36.104090820069096, 128.4251656201635], [36.103932501815294, 128.42500730526436], [36.10376307243442, 128.42477955237473], [36.10367696896181, 128.42466289843668], [36.10363808336746, 128.42460179381908], [36.10336588395136, 128.42416017383565], [36.10310757256185, 128.42375743891228], [36.10270205031206, 128.42306306724012], [36.102649277509705, 128.42300751807483], [36.10257428536879, 128.4229714122551], [36.10257428536879, 128.4229714122551], [36.1023798574486, 128.42266866669846], [36.1023798574486, 128.42266866669846], [36.10110780134928, 128.4238380432576], [36.10071618589587, 128.42420191090594], [36.09997183848576, 128.42487687200696], [36.0997052068309, 128.4251324124111], [36.09943024304539, 128.42540184070862], [36.09936358533622, 128.42547683593793], [36.09936358533622, 128.42547683593793], [36.09926081698838, 128.4253546274006], [36.0986497617745, 128.4246185984886], [36.09803037340747, 128.42384090682745], [36.09776649180179, 128.4226076899694], [36.09776649180179, 128.4226076899694], [36.09733321027214, 128.4227465786842], [36.09733321027214, 128.4227465786842], [36.097022108692755, 128.42134393368977], [36.09700266456604, 128.42124116554706], [36.09698877613057, 128.42118006022997], [36.09698877613057, 128.42118006022997], [36.09692767145314, 128.4211522866173], [36.09680823833309, 128.42103007854496], [36.09680823833309, 128.42103007854496], [36.09678323897541, 128.42091064536513], [36.09672490639089, 128.42059123080872], [36.09668601639906, 128.42029125843337], [36.09668601435371, 128.4201801571511]], [[36.09237271935756, 128.42581033521338], [36.09194222254806, 128.42634363340576], [36.09194222254806, 128.42634363340576], [36.09219497707307, 128.4266408222743], [36.092525502276295, 128.42703244505958], [36.092525502276295, 128.42703244505958], [36.09230331047218, 128.42731298201076], [36.09202557101102, 128.42767962400936], [36.091783940449695, 128.4281490336862], [36.0914978725913, 128.42873232342112], [36.09125902424864, 128.42946004350546], [36.090920194992805, 128.43060717373163], [36.09082299036527, 128.43096270055716], [36.09082299036527, 128.43096270055716], [36.090895206989245, 128.4311043526754], [36.09094797933235, 128.43113490405327], [36.09094797933235, 128.43113490405327], [36.09088965661728, 128.43135155318717], [36.09088965661728, 128.43135155318717], [36.09082022067781, 128.43138488551335], [36.09078967053806, 128.43149043258708], [36.09044528635892, 128.43263756297125], [36.09019810757467, 128.43347082951186], [36.09017588951449, 128.43355971116029], [36.09015367140316, 128.43364581527663], [36.09008702085458, 128.43410966500136], [36.090031483479784, 128.4347540540025], [36.08996762461536, 128.43599005757568], [36.08995096516299, 128.4362789213808], [36.090023180815706, 128.43636780038923], [36.090023180815706, 128.43636780038923], [36.0900148535452, 128.43664555383305], [36.0900148535452, 128.43664555383305], [36.08992875400942, 128.43674276986414], [36.08992875400942, 128.43674276986414], [36.08987877862028, 128.43777045814264], [36.08982047350595, 128.4389425783248], [36.08982047350595, 128.4389425783248], [36.0897732771155, 128.44005359249087], [36.08976494779903, 128.4402202446508], [36.08975939604708, 128.44039245179732], [36.08970941753924, 128.44125071061953], [36.08970386461053, 128.4413590345275], [36.08970386461053, 128.4413590345275], [36.09002605042419, 128.4413701356464], [36.09102316184122, 128.44150620683598], [36.09140367502451, 128.44155341424053], [36.09140367502451, 128.44155341424053], [36.09141200561995, 128.44145620038353]], [[36.09668601435371, 128.4201801571511], [36.09668601639906, 128.42029125843337], [36.09672490639089, 128.42059123080872], [36.09678323897541, 128.42091064536513], [36.09680823833309, 128.42103007854496], [36.09680823833309, 128.42103007854496], [36.09692767145314, 128.4211522866173], [36.09698877613057, 128.42118006022997], [36.09698877613057, 128.42118006022997], [36.09700266456604, 128.42124116554706], [36.097022108692755, 128.42134393368977], [36.09733321027214, 128.4227465786842], [36.09733321027214, 128.4227465786842], [36.09700269432835, 128.42285768920567], [36.09700269432835, 128.42285768920567], [36.096963819115366, 128.42336042359577], [36.09693049642309, 128.4237326138238], [36.09681384956111, 128.42408814118883], [36.09657221301787, 128.42423257961102], [36.09574452455562, 128.42397429226534], [36.09574452455562, 128.42397429226534], [36.09544455072185, 128.42354378317964], [36.09544455072185, 128.42354378317964], [36.09463632668782, 128.42449094420692], [36.09389198305406, 128.42537144268022], [36.093605910440026, 128.42569642192947], [36.093605910440026, 128.42569642192947], [36.093519807171155, 128.4255908781172], [36.093519807171155, 128.4255908781172], [36.093394824188806, 128.42574364587497], [36.093394824188806, 128.42574364587497], [36.0934753726869, 128.42585752243875], [36.0934753726869, 128.42585752243875], [36.09320596489653, 128.42618527875453], [36.09320596489653, 128.42618527875453], [36.092880994822664, 128.42580476594276], [36.092628240042394, 128.42549368941425], [36.092628240042394, 128.42549368941425], [36.09237271935756, 128.42581033521338]], [[36.1148866580066, 128.41663829492316], [36.11501442622093, 128.4169077119529], [36.11501442622093, 128.4169077119529], [36.1150810841841, 128.4168466043845], [36.1150810841841, 128.4168466043845], [36.11520051939862, 128.4170826912633], [36.11520051939862, 128.4170826912633], [36.11514219366808, 128.41713546600266], [36.115064426010285, 128.41720490647785], [36.11487278338153, 128.41732712324622], [36.11468947267842, 128.41742434199358], [36.11452004851811, 128.41747989737254], [36.11436728887416, 128.4175215646254], [36.11401177409326, 128.41754101729342], [36.11318686766712, 128.4175299302381], [36.11257582643012, 128.41755216758435], [36.1119036805164, 128.41754663131903], [36.11163426685269, 128.41755497144987], [36.11153983360388, 128.41757997187898], [36.111445400661935, 128.41762163750013], [36.11134819056482, 128.41767996839096], [36.11134819056482, 128.41767996839096], [36.1112648679313, 128.41774663148945], [36.11122042951053, 128.4177994058404], [36.11115099439175, 128.41787717867857], [36.11115099439175, 128.41787717867857], [36.11105378577784, 128.41801605799768], [36.11097602001195, 128.41818826715718], [36.11094269200192, 128.41827159404957], [36.110928806072714, 128.4183465878022], [36.11089270638036, 128.4187437758894], [36.1108316077907, 128.41904652858747], [36.1107566372359, 128.42018254127777], [36.11074275452931, 128.42043251954738], [36.11074276189517, 128.42083248415742], [36.110751103591085, 128.42133799475107], [36.110751105432605, 128.42143798590362], [36.11077612535484, 128.4226739869518], [36.11078724144409, 128.42301284554725], [36.11079279897718, 128.4231544995248], [36.11079279897718, 128.4231544995248], [36.110828924656445, 128.4241682977019], [36.11083726343752, 128.4245154889714], [36.11083726343752, 128.4245154889714], [36.110842823886905, 128.4248154622743], [36.110842823886905, 128.4248154622743], [36.11084837983421, 128.42487101275933], [36.11084837983421, 128.42487101275933], [36.11085671682482, 128.42512099040815], [36.11086227650692, 128.42537930073087], [36.11085672444789, 128.42553484267953], [36.1108567255223, 128.425593170852], [36.11085672680135, 128.42566260915257], [36.11085672680135, 128.42566260915257], [36.11067896902574, 128.4256515039973], [36.11067896902574, 128.4256515039973], [36.110606755012526, 128.42565150601752], [36.110606755012526, 128.42565150601752], [36.110331786321, 128.4256542912417], [36.10960686913541, 128.42567653177687], [36.10939300486445, 128.42569320295155], [36.10897916317211, 128.42570154712408], [36.108634757877425, 128.425701556758], [36.10850699452059, 128.42569600526775], [36.10843478060947, 128.42570156235178], [36.10830979476581, 128.42569878831586], [36.10790984033197, 128.42570435456727], [36.107543215493784, 128.42571269741828], [36.10728213416253, 128.42571825978496], [36.10688217977927, 128.42572660356788], [36.106732196827934, 128.42572660776287], [36.106615543472486, 128.42572938855767], [36.106615543472486, 128.42572938855767], [36.10660721850415, 128.42613213093605], [36.106598888931664, 128.42628489543117]]]}','진평 러닝',6184,'https://crewin-bucket.s3.ap-northeast-2.amazonaws.com/crewin/de94b7fb-1150-45a5-bffb-138c23fadd4a.webp','경상북도 구미시 황상동');
/*!40000 ALTER TABLE `course` ENABLE KEYS */;
UNLOCK TABLES;

--
-- Table structure for table `crew`
--

DROP TABLE IF EXISTS `crew`;
/*!40101 SET @saved_cs_client     = @@character_set_client */;
/*!50503 SET character_set_client = utf8mb4 */;
CREATE TABLE `crew` (
  `id` bigint NOT NULL AUTO_INCREMENT,
  `crew_name` varchar(20) NOT NULL,
  `captain_id` bigint NOT NULL,
  `slogan` varchar(50) NOT NULL,
  `area` varchar(50) NOT NULL,
  `introduction` varchar(255) NOT NULL,
  `main_logo` text DEFAULT (_utf8mb4'https://crewin-bucket.s3.ap-northeast-2.amazonaws.com/crewin/crewinlogo.webp'),
  `sub_logo` text DEFAULT (_utf8mb4'https://crewin-bucket.s3.ap-northeast-2.amazonaws.com/crewin/crewinsublogo.webp'),
  `banner` text DEFAULT (_utf8mb4'https://crewin-bucket.s3.ap-northeast-2.amazonaws.com/crewin/banner.webp'),
  `crew_birth` date NOT NULL,
  PRIMARY KEY (`id`),
  KEY `captain_id` (`captain_id`),
  CONSTRAINT `crew_ibfk_1` FOREIGN KEY (`captain_id`) REFERENCES `member` (`id`)
) ENGINE=InnoDB AUTO_INCREMENT=16 DEFAULT CHARSET=utf8mb4 COLLATE=utf8mb4_0900_ai_ci;
/*!40101 SET character_set_client = @saved_cs_client */;

--
-- Dumping data for table `crew`
--

LOCK TABLES `crew` WRITE;
/*!40000 ALTER TABLE `crew` DISABLE KEYS */;
INSERT INTO `crew` VALUES (1,'런닝맨',3,'걷지 말고 뛰어라.','세종특별자치시 세종시','이 크루는 영국에서 최초로 시작되어...','https://crewin-bucket.s3.ap-northeast-2.amazonaws.com/crewin/4f6c7c72-7b0c-43a8-bb3a-3fb4e1aac813.webp','https://crewin-bucket.s3.ap-northeast-2.amazonaws.com/crewin/crewinsublogo.webp','https://crewin-bucket.s3.ap-northeast-2.amazonaws.com/crewin/5f85905d-0dbe-4c0e-9d17-b8f3ef3d23cf.webp','2024-02-17'),(2,'포하항포하항',4,'포항 사나이들의 진짜 러닝.','경상북도 포항시','포항 이곳저곳 뛸 수 있는 곳이라면 어디든 달려가는 사나이들의 러닝 크루입니다.','https://crewin-bucket.s3.ap-northeast-2.amazonaws.com/crewin/64f84d88-7210-48b8-8d5b-80d3ffad0e5d.webp','https://crewin-bucket.s3.ap-northeast-2.amazonaws.com/crewin/995fbad0-9093-4eb1-9fa6-ef022db0132a.webp','https://crewin-bucket.s3.ap-northeast-2.amazonaws.com/crewin/60c11a49-6ec7-4e0d-98dc-4cc2079b3b1a.webp','2022-09-27'),(3,'돌고랭',6,'바다까지 달려보자😜','부산광역시 부산진구','두근거림을 떠올리는 거야','https://crewin-bucket.s3.ap-northeast-2.amazonaws.com/crewin/c37d6992-7209-4fdf-82be-0d306a374d9d.webp','https://crewin-bucket.s3.ap-northeast-2.amazonaws.com/crewin/crewinsublogo.webp','https://crewin-bucket.s3.ap-northeast-2.amazonaws.com/crewin/f8e0786d-0086-4029-8191-9147baa4b989.webp','2024-05-08'),(4,'마이구미',7,'함께 달리는 즐거움','경상북도 구미시','우리는 서로의 에너지를 공유하며, 함께 달리는 즐거움과 성취감을 느끼고자합니다.\n모든 러너들을 환영합니다!\n매주 목요일 19시 진평동 일대를 뜁니다.','https://crewin-bucket.s3.ap-northeast-2.amazonaws.com/crewin/8e78f818-6593-48e6-b4d0-b98ce2734772.webp','https://crewin-bucket.s3.ap-northeast-2.amazonaws.com/crewin/f2c24183-ee3d-4b8c-9f0d-e960ad81f876.webp','https://crewin-bucket.s3.ap-northeast-2.amazonaws.com/crewin/a81b538e-2140-45fe-9537-676a8315f0aa.webp','2019-08-15'),(5,'Lmoi',5,'오늘 뛸 러닝을 내일로 미루지 말자.','인천광역시 중구','I can do this all day.','https://crewin-bucket.s3.ap-northeast-2.amazonaws.com/crewin/0e489acb-4c0f-4d87-9743-28943195db70.webp','https://crewin-bucket.s3.ap-northeast-2.amazonaws.com/crewin/210a1884-bdfa-469a-85c9-708c5b00fe12.webp','https://crewin-bucket.s3.ap-northeast-2.amazonaws.com/crewin/0738461d-2d4c-46ad-b5f0-71a5a6dad37c.webp','2024-04-20'),(6,'RunWave',8,'Ride the Rhythm, Run the Wave','경상북도 구미시','RunWave는 달리기를 사랑하는 사람들이 모여 파도를 타듯 함께 달리는 크루입니다. 우리는 목표를 향해 힘차게 나아가며, 서로의 리듬에 맞춰 함께 성장합니다. 초보부터 마라토너까지, 누구나 환영합니다. 함께 달리며, 새로운 길을 개척하고, 에너지를 나눠보세요. 우리와 함께라면, 그 어떤 도전도 즐거운 파도가 될 것입니다!','https://crewin-bucket.s3.ap-northeast-2.amazonaws.com/crewin/902dcab7-75f5-4444-a590-f2d20bfcb039.webp','https://crewin-bucket.s3.ap-northeast-2.amazonaws.com/crewin/crewinsublogo.webp','https://crewin-bucket.s3.ap-northeast-2.amazonaws.com/crewin/banner.webp','2024-07-30'),(7,'DevRunCrew',8,'Run the Code, Run the World','경상북도 구미시','DevRunCrew는 개발자들이 모여 함께 달리며 성장하는 러닝 크루입니다. 우리는 코드를 작성하듯 체계적으로 목표를 세우고, 달리기를 통해 체력과 집중력을 함께 키워나갑니다. 초보부터 베테랑 개발자까지, 누구나 환영합니다. 코드를 통해 세상을 바꾸듯, 함께 달리며 건강한 라이프스타일을 만들어가요!','https://crewin-bucket.s3.ap-northeast-2.amazonaws.com/crewin/2a496a02-3a1b-417e-9de4-c90950b8e896.webp','https://crewin-bucket.s3.ap-northeast-2.amazonaws.com/crewin/crewinsublogo.webp','https://crewin-bucket.s3.ap-northeast-2.amazonaws.com/crewin/banner.webp','2023-08-16'),(8,'바람달리기',8,'바람처럼, 끝없이 달리자','서울특별시 노원구','바람달리기는 바람처럼 자유롭고 힘차게 달리는 사람들의 크루입니다. 우리는 끝없이 이어지는 길을 함께 달리며, 목표를 향해 끊임없이 나아갑니다. 초보자부터 마라톤 선수까지 누구나 환영하며, 우리와 함께 달리며 건강과 즐거움을 만끽하세요. 바람처럼 가볍게, 그리고 강하게!','https://crewin-bucket.s3.ap-northeast-2.amazonaws.com/crewin/6a942e5b-1f7a-4a83-9c57-6e409d61f8cb.webp','https://crewin-bucket.s3.ap-northeast-2.amazonaws.com/crewin/crewinsublogo.webp','https://crewin-bucket.s3.ap-northeast-2.amazonaws.com/crewin/banner.webp','2018-08-14'),(9,'쭈꾸쭈꾸쭉구미',4,'구미를 달리다','경상북도 구미시','금오산의 정기를 받은 구미 최고의 러닝 크루!','https://crewin-bucket.s3.ap-northeast-2.amazonaws.com/crewin/cf82d89b-4fe4-441a-8a50-19538e2f0663.webp','https://crewin-bucket.s3.ap-northeast-2.amazonaws.com/crewin/f6c1db0a-01a3-4ad9-9093-86215e3119ac.webp','https://crewin-bucket.s3.ap-northeast-2.amazonaws.com/crewin/e73bc7e2-405b-4daf-9286-641622cfad21.webp','2024-03-02'),(10,'Busan Marines',2,'바닷바람과 함께 달리다','부산광역시 수영구','부산의 아름다운 해변을 배경으로 건강하고 활기찬 삶을 만들어가는 부산마린스는 함께 달리며 우정을 나누는 커뮤니티입니다. 정기적인 해변 러닝 모임, 다양한 코스 개발, 마라톤 대회 참가 등을 통해 회원들의 건강 증진과 러닝 실력 향상을 지원합니다. 또한, 해변 정화 활동 등 사회공헌 활동을 통해 지역 사회에 기여하고 있습니다. 부산마린스는 누구나 환영하며, 함께 성장하는 즐거움을 느낄 수 있는 곳입니다.','https://crewin-bucket.s3.ap-northeast-2.amazonaws.com/crewin/acf399cb-5fdb-4cca-90a2-d893d844c693.webp','https://crewin-bucket.s3.ap-northeast-2.amazonaws.com/crewin/34e38f57-f163-4206-b3b4-dae27a318104.webp','https://crewin-bucket.s3.ap-northeast-2.amazonaws.com/crewin/5fc50ec9-32dd-4373-aac6-09a16af6d9de.webp','2022-07-06'),(12,'강남런클럽',7,'같이의 가치','서울특별시 강남구','강남에서 활동하는 크루입니다. \n\n매주 수요일 저녁 8시 토요일 아침 9시에 강남을 달립니다.','https://crewin-bucket.s3.ap-northeast-2.amazonaws.com/crewin/crewinlogo.webp','https://crewin-bucket.s3.ap-northeast-2.amazonaws.com/crewin/78043d7d-9ae1-4e6b-9da9-3402a9845499.webp','https://crewin-bucket.s3.ap-northeast-2.amazonaws.com/crewin/banner.webp','2024-08-14'),(13,'CAU',7,'같이의 가치','서울특별시 동작구','같이의 가치 (관리자가 만든 CAUON 임시 크루 입니다)','https://crewin-bucket.s3.ap-northeast-2.amazonaws.com/crewin/8a0eeeb2-7503-4537-b758-72ab554fe853.webp','https://crewin-bucket.s3.ap-northeast-2.amazonaws.com/crewin/b145487f-3e3f-4ca2-9baf-6527145f8ad3.webp','https://crewin-bucket.s3.ap-northeast-2.amazonaws.com/crewin/94b7ac88-4607-46e3-8c22-7a344046ee77.webp','2019-08-20'),(14,'ㄹㅇㅁㄹㅇㅁㄴ',18,'ㄹㅇㅁㄴㄹㅇㄴㅁ','서울특별시 강남구','ㅇ','https://crewin-bucket.s3.ap-northeast-2.amazonaws.com/crewin/crewinlogo.webp','https://crewin-bucket.s3.ap-northeast-2.amazonaws.com/crewin/crewinsublogo.webp','https://crewin-bucket.s3.ap-northeast-2.amazonaws.com/crewin/banner.webp','2024-08-14'),(15,'금오천 죽을때까지 트래킹',21,'最後まで','경상북도 구미시','금오천을 뛰는 모임 입니다.금오천을 뛰는 모임 입니다.금오천을 뛰는 모임 입니다.금오천을 뛰는 모임 입니다.금오천을 뛰는 모임 입니다.금오천을 뛰는 모임 입니다.금오천을 뛰는 모임 입니다.금오천을 뛰는 모임 입니다.금오천을 뛰는 모임 입니다.금오천을 뛰는 모임 입니다.금오천을 뛰는 모임 입니다.금오천을 뛰는 모임 입니다.금오천을 뛰는 모임 입니다.금오천을 뛰는 모임 입니다.금오천을 뛰는 모임 입니다.금오천을 뛰는 모임 입니다.금오천을 뛰는 모임 입니다.','https://crewin-bucket.s3.ap-northeast-2.amazonaws.com/crewin/c9f4593a-2724-4003-9ae1-9ce6f048a88e.webp','https://crewin-bucket.s3.ap-northeast-2.amazonaws.com/crewin/c6eb8a25-9bef-4c0e-804e-98e86a833dcc.webp','https://crewin-bucket.s3.ap-northeast-2.amazonaws.com/crewin/banner.webp','2024-08-14');
/*!40000 ALTER TABLE `crew` ENABLE KEYS */;
UNLOCK TABLES;

--
-- Table structure for table `heart`
--

DROP TABLE IF EXISTS `heart`;
/*!40101 SET @saved_cs_client     = @@character_set_client */;
/*!50503 SET character_set_client = utf8mb4 */;
CREATE TABLE `heart` (
  `id` bigint NOT NULL AUTO_INCREMENT,
  `post_id` bigint NOT NULL,
  `member_id` bigint NOT NULL,
  PRIMARY KEY (`id`),
  KEY `post_id` (`post_id`),
  KEY `member_id` (`member_id`),
  CONSTRAINT `heart_ibfk_1` FOREIGN KEY (`post_id`) REFERENCES `post` (`id`),
  CONSTRAINT `heart_ibfk_2` FOREIGN KEY (`member_id`) REFERENCES `member` (`id`)
) ENGINE=InnoDB AUTO_INCREMENT=125 DEFAULT CHARSET=utf8mb4 COLLATE=utf8mb4_0900_ai_ci;
/*!40101 SET character_set_client = @saved_cs_client */;

--
-- Dumping data for table `heart`
--

LOCK TABLES `heart` WRITE;
/*!40000 ALTER TABLE `heart` DISABLE KEYS */;
INSERT INTO `heart` VALUES (1,5,3),(2,4,3),(3,8,3),(4,8,4),(5,4,4),(6,2,4),(7,11,5),(8,9,5),(9,8,5),(10,11,3),(12,11,4),(13,13,4),(14,13,6),(15,14,2),(16,13,2),(17,11,2),(18,9,2),(19,8,2),(22,13,9),(23,15,7),(25,15,6),(26,14,6),(27,8,6),(28,5,6),(29,15,4),(30,15,8),(31,15,1),(32,14,7),(33,13,7),(34,11,7),(35,9,7),(36,8,1),(37,16,1),(38,16,3),(41,18,10),(42,21,4),(43,23,4),(45,23,8),(46,22,8),(47,21,8),(48,18,8),(49,13,8),(50,22,1),(51,21,1),(53,18,1),(54,14,1),(55,13,1),(56,11,1),(57,18,4),(63,23,7),(64,21,7),(65,23,11),(66,22,11),(67,21,11),(68,18,11),(69,15,11),(70,13,11),(71,11,11),(72,9,11),(73,8,11),(74,5,11),(75,4,11),(76,2,11),(78,23,3),(80,2,8),(81,20,1),(82,18,2),(83,16,2),(84,15,2),(87,46,4),(88,30,4),(89,46,14),(90,30,14),(91,18,14),(92,47,7),(93,46,7),(94,30,7),(95,46,17),(98,23,18),(99,46,18),(101,46,13),(115,46,8),(117,47,3),(118,46,3),(119,30,3),(124,51,3);
/*!40000 ALTER TABLE `heart` ENABLE KEYS */;
UNLOCK TABLES;

--
-- Table structure for table `member`
--

DROP TABLE IF EXISTS `member`;
/*!40101 SET @saved_cs_client     = @@character_set_client */;
/*!50503 SET character_set_client = utf8mb4 */;
CREATE TABLE `member` (
  `id` bigint NOT NULL AUTO_INCREMENT,
  `name` varchar(30) NOT NULL,
  `nickname` varchar(10) NOT NULL,
  `email` varchar(50) NOT NULL,
  `password` char(60) NOT NULL,
  `image_url` text NOT NULL DEFAULT (_utf8mb4'https://crewin-bucket.s3.ap-northeast-2.amazonaws.com/crewin/default-profile.webp'),
  `exist_notification` tinyint(1) NOT NULL DEFAULT '0',
  `role` varchar(10) NOT NULL DEFAULT 'ROLE_USER',
  `total_distance` int NOT NULL DEFAULT '0',
  `total_time` int NOT NULL DEFAULT '0',
  `total_attendance` int NOT NULL DEFAULT '0',
  PRIMARY KEY (`id`),
  UNIQUE KEY `uk_email` (`email`),
  UNIQUE KEY `uk_nickname` (`nickname`)
) ENGINE=InnoDB AUTO_INCREMENT=22 DEFAULT CHARSET=utf8mb4 COLLATE=utf8mb4_0900_ai_ci;
/*!40101 SET character_set_client = @saved_cs_client */;

--
-- Dumping data for table `member`
--

LOCK TABLES `member` WRITE;
/*!40000 ALTER TABLE `member` DISABLE KEYS */;
INSERT INTO `member` VALUES (1,'김점례','테스형','test1234@test.com','$2a$12$3b97BFdrIzMPJ30v/xk2DOglC..FfKA9eiVPO3jToGxgWK/3sF4I2','https://crewin-bucket.s3.ap-northeast-2.amazonaws.com/crewin/3b5f54fd-6b7c-4dbe-9ac4-e03f5d6c59e8.webp',0,'ROLE_USER',2036,22200,1),(2,'김판호','부산대장','xayajor256@alientex.com','$2y$07$XrxQNg2f6ECxllby1ECN7.dXgeh2kRN4DWKB2bgH037b0D6OMKLzK','https://crewin-bucket.s3.ap-northeast-2.amazonaws.com/crewin/default-profile.webp',0,'ROLE_USER',8850,7740,4),(3,'권오윤','쿼카콜라','rdd2033@naver.com','$2a$10$zWlijvaqs93.oCRp93zEUOUP4U97M6gBhTAlSeeJh8BNf0odhBp3.','https://crewin-bucket.s3.ap-northeast-2.amazonaws.com/crewin/804ceebc-1037-4dab-b6f9-f478487811fb.webp',0,'ROLE_USER',180714,24240,11),(4,'권윤하','무민','ellen4421@naver.com','$2a$10$bctMDdzDZH5SjTEojQStnuNV5z.Tewb.Sr1JZrpiXJPYsYgr/hruC','https://crewin-bucket.s3.ap-northeast-2.amazonaws.com/crewin/af452241-9648-4ac7-9c18-460c6c7003d0.webp',0,'ROLE_USER',8850,7740,4),(5,'김유진','유지니','vanelaf244@biowey.com','$2a$10$od1nTjrt71ho0vuMpa5OwOYHPqqg.ebxo1XHaERTnoaNBtmMRoTxa','https://crewin-bucket.s3.ap-northeast-2.amazonaws.com/crewin/129f47ff-0e60-496d-bc9b-be05fdf884d1.webp',0,'ROLE_USER',112275,6660,6),(6,'안정진','와쿠와쿠','wamicij431@biscoine.com','$2a$10$NI./p06nmkHa5hwYfy2GV.kTR/VReVILO5EH.x1cOSNw7FxsndT1y','https://crewin-bucket.s3.ap-northeast-2.amazonaws.com/crewin/7c870d30-a5c1-4c6a-9b2c-f8035c8378a4.webp',0,'ROLE_USER',6162,2400,1),(7,'박효진','달리는동동이','jam_ty@naver.com','$2a$10$A2ciG88V9uGHt./UDnSWBO92i07Y0oEitdgzE//0.An/f4YoeCbSm','https://crewin-bucket.s3.ap-northeast-2.amazonaws.com/crewin/2e9f0207-545e-4a64-bec0-3e8bf956c7b4.webp',0,'ROLE_USER',7709,8640,4),(8,'김민경','밍깅이당','org9899@naver.com','$2a$10$wwejEyRc2JSpRgx9UE2tTu7s4uGgaNiNJyR2oGHWYVBkaEZ7OBAwC','https://crewin-bucket.s3.ap-northeast-2.amazonaws.com/crewin/bda0a763-4178-4dd8-b84f-4c33c9b6da62.webp',1,'ROLE_USER',28482,6660,4),(9,'권민수','삼성동치타','ok_74123@naver.com','$2a$10$5/bYtKozN2/jhgie9G03luAmCrxgfljaXUc5TUps74CTBTr80qgAu','https://crewin-bucket.s3.ap-northeast-2.amazonaws.com/crewin/default-profile.webp',1,'ROLE_USER',0,0,0),(10,'최인영','러닝조아아아','inyoungs12@naver.com','$2a$10$wND0Kb3Me/9Ri7G.wuxMiuwSk9fuooxVfiK4Y1PvKYemMhoNzJgDG','https://crewin-bucket.s3.ap-northeast-2.amazonaws.com/crewin/default-profile.webp',1,'ROLE_USER',0,0,0),(11,'김민수','RunMinsu','hohasej199@chaladas.com','$2a$10$0Nm1vYPbWBo/NBKGqqYnauCkag7Jm9/fo2KL9W8h1AfB7wsFLYt/2','https://crewin-bucket.s3.ap-northeast-2.amazonaws.com/crewin/850c74d2-b2e5-41dc-ae77-0f851784446f.webp',0,'ROLE_USER',0,0,0),(12,'dung','달리는둥둥','crystar2402@naver.com','$2a$10$Ok.65PN8.zH/cSMNw7EwruZsjURviSO0cmJp0H6mOEmjMUe8VYp1e','https://crewin-bucket.s3.ap-northeast-2.amazonaws.com/crewin/default-profile.webp',1,'ROLE_USER',0,0,0),(13,'박준식','박준식','akfldkskgorn@gmail.com','$2a$10$wRcccFxjNDQzJG96KhEV4O/xjpe703KFVnHcU6jLUBhM6ckZze2Ri','https://crewin-bucket.s3.ap-northeast-2.amazonaws.com/crewin/default-profile.webp',0,'ROLE_USER',0,0,0),(14,'윤재영','Polrun','dominico9@hanmail.net','$2a$10$UukFskNi6Q3aLXIMQgWqJ.7jY4f/Lq7nUNpe1LCxeuMiEz/.k5igC','https://crewin-bucket.s3.ap-northeast-2.amazonaws.com/crewin/b1ceb345-4d2a-443b-a9b9-ab6972727f9f.webp',0,'ROLE_USER',0,0,0),(15,'김신영','Klesia','youngandj@naver.com','$2a$10$YBM83GB6A5inFcmcZIn0fee6U89N6gDZ1/k1GGFf/rZXuBc3TkWge','https://crewin-bucket.s3.ap-northeast-2.amazonaws.com/crewin/default-profile.webp',0,'ROLE_USER',0,0,0),(16,'황윤서','윤서','wink9406@gmail.com','$2a$10$ag5SnKx6RBcJGs0U2ImpLOXQ9jbJICfAQv1eh8U2b6Kkwf2lMkP6i','https://crewin-bucket.s3.ap-northeast-2.amazonaws.com/crewin/default-profile.webp',0,'ROLE_USER',0,0,0),(17,'류상원','한강러너','tkdwk0414@gmail.com','$2a$10$VtN0knNB0Hz.A9ExnmxWpuM5R5NLCzEgth0shPWXj/s3lR7u4QHei','https://crewin-bucket.s3.ap-northeast-2.amazonaws.com/crewin/3b937147-2c16-4b6f-92f9-a798c6f7f3b5.webp',0,'ROLE_USER',0,0,0),(18,'박용진','jin','pyj1348@gmail.com','$2a$10$Af7fx2NBtOrI0kkQNKK.QeMBLTlAxGWzvuZfhbvkGxZGeGCsGxdxa','https://crewin-bucket.s3.ap-northeast-2.amazonaws.com/crewin/default-profile.webp',0,'ROLE_USER',0,0,0),(19,'김수한무거북이와두루미삼천갑자동방삭치치카포사리','김수한무거북이와두루','ric111@kumoh.ac.kr','$2a$10$o/thCnYWsUzXFKMzZCI7o.b7ZpfCNBpoNCEOIYmjAsQSzHEl1UUaa','https://crewin-bucket.s3.ap-northeast-2.amazonaws.com/crewin/default-profile.webp',0,'ROLE_USER',0,0,0),(20,'박승민','king','kingloopy1234@naver.com','$2a$10$jo6BSf1eD6JtNoyQwtaIleIsAYYLPOMcbDMR1hSu2o.AuVjjl2TFK','https://crewin-bucket.s3.ap-northeast-2.amazonaws.com/crewin/default-profile.webp',0,'ROLE_USER',0,0,0),(21,'김성준','달리는컨설턴트','armitage@naver.com','$2a$10$DUGW.u1hkbaS/.Z38ikzYOi37l303FMRJYE4lCZvs6uG87/UV1XNW','https://crewin-bucket.s3.ap-northeast-2.amazonaws.com/crewin/default-profile.webp',0,'ROLE_USER',0,0,0);
/*!40000 ALTER TABLE `member` ENABLE KEYS */;
UNLOCK TABLES;

--
-- Table structure for table `membercrew`
--

DROP TABLE IF EXISTS `membercrew`;
/*!40101 SET @saved_cs_client     = @@character_set_client */;
/*!50503 SET character_set_client = utf8mb4 */;
CREATE TABLE `membercrew` (
  `id` bigint NOT NULL AUTO_INCREMENT,
  `member_id` bigint NOT NULL,
  `crew_id` bigint NOT NULL,
  `position` varchar(10) NOT NULL DEFAULT 'MEMBER',
  `is_joined` tinyint(1) NOT NULL DEFAULT '0',
  `is_invited` tinyint(1) NOT NULL DEFAULT '0',
  `attendance_count` int NOT NULL DEFAULT '0',
  PRIMARY KEY (`id`),
  UNIQUE KEY `uk_member_crew` (`member_id`,`crew_id`),
  KEY `crew_id` (`crew_id`),
  CONSTRAINT `membercrew_ibfk_1` FOREIGN KEY (`member_id`) REFERENCES `member` (`id`),
  CONSTRAINT `membercrew_ibfk_2` FOREIGN KEY (`crew_id`) REFERENCES `crew` (`id`)
) ENGINE=InnoDB AUTO_INCREMENT=52 DEFAULT CHARSET=utf8mb4 COLLATE=utf8mb4_0900_ai_ci;
/*!40101 SET character_set_client = @saved_cs_client */;

--
-- Dumping data for table `membercrew`
--

LOCK TABLES `membercrew` WRITE;
/*!40000 ALTER TABLE `membercrew` DISABLE KEYS */;
INSERT INTO `membercrew` VALUES (1,3,1,'CAPTAIN',1,1,5),(3,4,2,'CAPTAIN',1,1,0),(4,6,3,'CAPTAIN',1,1,1),(5,4,3,'MEMBER',1,1,1),(6,2,3,'MEMBER',1,1,1),(7,5,3,'MEMBER',1,1,0),(9,3,2,'MEMBER',1,1,0),(10,7,2,'PACER',1,1,0),(11,2,2,'MEMBER',1,1,0),(12,7,3,'MEMBER',1,1,0),(14,9,2,'MEMBER',1,1,0),(15,5,5,'CAPTAIN',1,1,3),(16,8,6,'CAPTAIN',1,1,0),(17,8,7,'CAPTAIN',1,1,0),(18,8,8,'CAPTAIN',1,1,0),(19,4,9,'CAPTAIN',1,1,0),(20,9,7,'MEMBER',1,1,0),(21,8,3,'MEMBER',1,1,0),(22,9,4,'CAPTAIN',1,1,0),(23,2,9,'PACER',1,1,0),(24,5,9,'MEMBER',0,1,0),(26,8,9,'MEMBER',1,1,0),(27,3,9,'MEMBER',1,1,0),(28,7,9,'MEMBER',1,1,0),(30,2,10,'CAPTAIN',1,1,3),(32,5,1,'MEMBER',1,1,2),(33,3,5,'MEMBER',1,1,2),(35,7,12,'CAPTAIN',1,1,0),(37,7,13,'CAPTAIN',1,1,0),(38,1,5,'MEMBER',0,0,0),(39,8,1,'MEMBER',1,1,1),(40,3,13,'MEMBER',1,1,0),(42,8,10,'MEMBER',1,1,3),(43,7,10,'MEMBER',1,1,3),(44,3,10,'MEMBER',1,1,3),(45,4,10,'MEMBER',1,1,3),(46,1,10,'MEMBER',1,1,0),(47,18,14,'CAPTAIN',1,1,0),(48,21,15,'CAPTAIN',1,1,0),(49,12,15,'MEMBER',0,1,0),(50,7,15,'MEMBER',0,1,0),(51,7,8,'MEMBER',1,1,0);
/*!40000 ALTER TABLE `membercrew` ENABLE KEYS */;
UNLOCK TABLES;

--
-- Table structure for table `membersession`
--

DROP TABLE IF EXISTS `membersession`;
/*!40101 SET @saved_cs_client     = @@character_set_client */;
/*!50503 SET character_set_client = utf8mb4 */;
CREATE TABLE `membersession` (
  `id` bigint NOT NULL AUTO_INCREMENT,
  `member_id` bigint NOT NULL,
  `session_id` bigint NOT NULL,
  `is_attend` tinyint(1) NOT NULL DEFAULT '0',
  PRIMARY KEY (`id`),
  UNIQUE KEY `uk_member_session` (`member_id`,`session_id`),
  KEY `session_id` (`session_id`),
  CONSTRAINT `membersession_ibfk_1` FOREIGN KEY (`member_id`) REFERENCES `member` (`id`) ON DELETE CASCADE,
  CONSTRAINT `membersession_ibfk_2` FOREIGN KEY (`session_id`) REFERENCES `session` (`id`) ON DELETE CASCADE
) ENGINE=InnoDB AUTO_INCREMENT=66 DEFAULT CHARSET=utf8mb4 COLLATE=utf8mb4_0900_ai_ci;
/*!40101 SET character_set_client = @saved_cs_client */;

--
-- Dumping data for table `membersession`
--

LOCK TABLES `membersession` WRITE;
/*!40000 ALTER TABLE `membersession` DISABLE KEYS */;
INSERT INTO `membersession` VALUES (1,3,1,1),(2,5,1,0),(3,5,2,1),(4,4,3,1),(5,6,4,1),(6,6,3,0),(7,6,2,0),(8,7,5,1),(9,7,2,0),(10,7,3,0),(11,4,2,0),(12,6,6,1),(13,2,6,1),(17,4,6,1),(18,4,7,1),(19,1,5,0),(20,1,7,1),(21,4,8,1),(22,3,2,0),(24,3,8,1),(25,3,9,1),(26,5,9,1),(27,3,10,1),(28,5,10,1),(29,3,11,1),(30,5,11,0),(31,3,12,1),(32,5,12,1),(33,5,13,1),(34,3,13,1),(35,2,2,0),(36,11,3,0),(39,7,14,1),(41,2,16,1),(42,2,17,1),(43,7,16,0),(44,3,18,1),(45,8,18,1),(46,3,19,1),(47,8,19,0),(48,7,20,1),(49,1,21,1),(50,13,21,0),(51,2,22,1),(53,8,22,1),(54,7,22,1),(55,3,22,1),(56,1,22,0),(57,4,22,1),(60,18,16,0),(61,5,25,1),(62,3,25,0),(63,5,26,1),(64,3,26,0),(65,8,27,1);
/*!40000 ALTER TABLE `membersession` ENABLE KEYS */;
UNLOCK TABLES;

--
-- Table structure for table `notification`
--

DROP TABLE IF EXISTS `notification`;
/*!40101 SET @saved_cs_client     = @@character_set_client */;
/*!50503 SET character_set_client = utf8mb4 */;
CREATE TABLE `notification` (
  `id` bigint NOT NULL AUTO_INCREMENT,
  `is_checked` tinyint(1) NOT NULL DEFAULT '0',
  `notification_type` varchar(10) NOT NULL,
  `receiver_id` bigint NOT NULL,
  `sender_id` bigint NOT NULL,
  `post_id` bigint DEFAULT NULL,
  `created_at` timestamp NOT NULL DEFAULT CURRENT_TIMESTAMP,
  PRIMARY KEY (`id`),
  KEY `receiver_id` (`receiver_id`),
  CONSTRAINT `notification_ibfk_1` FOREIGN KEY (`receiver_id`) REFERENCES `member` (`id`)
) ENGINE=InnoDB AUTO_INCREMENT=187 DEFAULT CHARSET=utf8mb4 COLLATE=utf8mb4_0900_ai_ci;
/*!40101 SET character_set_client = @saved_cs_client */;

--
-- Dumping data for table `notification`
--

LOCK TABLES `notification` WRITE;
/*!40000 ALTER TABLE `notification` DISABLE KEYS */;
INSERT INTO `notification` VALUES (1,1,'LIKE',4,3,5,'2024-08-13 10:34:37'),(2,1,'LIKE',2,3,4,'2024-08-13 10:34:40'),(3,1,'LIKE',2,3,8,'2024-08-13 10:35:10'),(4,1,'LIKE',2,4,8,'2024-08-13 10:40:47'),(5,1,'LIKE',2,4,4,'2024-08-13 10:40:50'),(7,1,'LIKE',4,5,11,'2024-08-13 10:46:11'),(8,1,'LIKE',4,5,9,'2024-08-13 10:46:13'),(9,1,'LIKE',2,5,8,'2024-08-13 10:46:15'),(11,1,'LIKE',4,3,11,'2024-08-13 10:50:17'),(19,1,'LIKE',4,4,11,'2024-08-13 12:27:01'),(20,1,'LIKE',7,4,13,'2024-08-13 12:35:06'),(21,1,'LIKE',7,6,13,'2024-08-13 12:35:46'),(24,1,'LIKE',4,2,14,'2024-08-13 12:57:52'),(25,1,'LIKE',7,2,13,'2024-08-13 12:57:54'),(26,1,'LIKE',4,2,11,'2024-08-13 12:57:55'),(27,1,'LIKE',4,2,9,'2024-08-13 12:57:56'),(28,1,'LIKE',2,2,8,'2024-08-13 12:57:57'),(32,1,'LIKE',7,9,13,'2024-08-13 13:09:51'),(33,1,'LIKE',9,7,15,'2024-08-13 13:13:46'),(38,1,'LIKE',9,6,15,'2024-08-13 13:14:37'),(39,1,'LIKE',4,6,14,'2024-08-13 13:14:41'),(40,1,'LIKE',2,6,8,'2024-08-13 13:14:45'),(41,1,'LIKE',4,6,5,'2024-08-13 13:14:47'),(42,1,'LIKE',9,4,15,'2024-08-13 13:15:23'),(43,0,'LIKE',9,8,15,'2024-08-13 13:17:45'),(45,1,'INVITATION',5,9,NULL,'2024-08-13 13:20:23'),(50,0,'LIKE',9,1,15,'2024-08-13 13:22:04'),(51,1,'LIKE',4,7,14,'2024-08-13 13:25:07'),(52,1,'LIKE',7,7,13,'2024-08-13 13:25:09'),(53,1,'LIKE',4,7,11,'2024-08-13 13:25:10'),(54,1,'LIKE',4,7,9,'2024-08-13 13:25:12'),(56,1,'NOTICE',7,2,16,'2024-08-13 13:27:54'),(57,1,'NOTICE',2,2,16,'2024-08-13 13:27:54'),(58,0,'NOTICE',9,2,16,'2024-08-13 13:27:54'),(60,1,'LIKE',2,1,8,'2024-08-13 13:33:39'),(61,1,'LIKE',4,1,16,'2024-08-13 13:37:01'),(65,1,'LIKE',4,3,16,'2024-08-13 13:57:16'),(68,1,'LIKE',4,1,19,'2024-08-13 16:20:42'),(69,0,'NOTICE',9,4,20,'2024-08-13 16:24:24'),(71,1,'LIKE',7,10,18,'2024-08-13 17:02:59'),(72,0,'LIKE',10,4,21,'2024-08-13 17:08:36'),(73,0,'LIKE',10,4,23,'2024-08-13 17:08:39'),(75,0,'LIKE',10,8,23,'2024-08-13 17:26:53'),(76,1,'LIKE',4,8,22,'2024-08-13 17:26:55'),(77,0,'LIKE',10,8,21,'2024-08-13 17:26:56'),(78,1,'LIKE',7,8,18,'2024-08-13 17:26:58'),(79,1,'LIKE',7,8,13,'2024-08-13 17:27:00'),(80,1,'LIKE',4,1,22,'2024-08-13 17:32:28'),(81,0,'LIKE',10,1,21,'2024-08-13 17:32:32'),(83,1,'LIKE',7,1,18,'2024-08-13 17:32:36'),(84,1,'LIKE',4,1,14,'2024-08-13 17:32:39'),(85,1,'LIKE',7,1,13,'2024-08-13 17:32:41'),(86,1,'LIKE',4,1,11,'2024-08-13 17:32:43'),(87,1,'LIKE',7,4,18,'2024-08-13 17:32:46'),(93,0,'LIKE',10,7,23,'2024-08-13 21:09:07'),(94,0,'LIKE',10,7,21,'2024-08-13 21:09:13'),(95,0,'LIKE',10,11,23,'2024-08-13 22:15:20'),(96,1,'LIKE',4,11,22,'2024-08-13 22:15:21'),(97,0,'LIKE',10,11,21,'2024-08-13 22:15:22'),(98,1,'LIKE',7,11,18,'2024-08-13 22:15:23'),(99,0,'LIKE',9,11,15,'2024-08-13 22:15:28'),(100,1,'LIKE',7,11,13,'2024-08-13 22:15:29'),(101,1,'LIKE',4,11,11,'2024-08-13 22:15:30'),(102,1,'LIKE',4,11,9,'2024-08-13 22:15:33'),(103,1,'LIKE',2,11,8,'2024-08-13 22:15:34'),(104,1,'LIKE',4,11,5,'2024-08-13 22:15:35'),(105,1,'LIKE',2,11,4,'2024-08-13 22:15:37'),(108,0,'LIKE',10,3,23,'2024-08-13 23:04:39'),(111,1,'LIKE',7,1,20,'2024-08-13 23:27:38'),(112,1,'LIKE',7,2,18,'2024-08-14 09:05:18'),(113,1,'LIKE',4,2,16,'2024-08-14 09:05:21'),(114,0,'LIKE',9,2,15,'2024-08-14 09:05:26'),(139,1,'LIKE',7,4,46,'2024-08-14 12:21:02'),(142,1,'LIKE',7,4,30,'2024-08-14 12:21:31'),(148,1,'LIKE',7,14,46,'2024-08-14 13:19:02'),(149,1,'LIKE',7,14,30,'2024-08-14 13:19:07'),(150,1,'LIKE',7,14,18,'2024-08-14 13:19:21'),(151,1,'LIKE',7,7,47,'2024-08-14 13:20:25'),(152,1,'LIKE',7,7,46,'2024-08-14 13:20:26'),(153,1,'LIKE',7,7,30,'2024-08-14 13:20:27'),(154,1,'LIKE',7,17,46,'2024-08-14 14:34:06'),(157,0,'LIKE',10,18,23,'2024-08-14 15:03:42'),(158,1,'LIKE',7,18,46,'2024-08-14 15:03:46'),(170,0,'INVITATION',12,15,NULL,'2024-08-14 18:41:59'),(171,1,'INVITATION',7,15,NULL,'2024-08-14 18:42:01'),(176,1,'LIKE',7,8,46,'2024-08-14 20:16:01'),(178,1,'LIKE',7,3,47,'2024-08-14 20:21:59'),(179,1,'LIKE',7,3,46,'2024-08-14 20:22:00'),(180,1,'LIKE',7,3,30,'2024-08-14 20:22:02'),(185,0,'LIKE',8,3,51,'2024-08-14 20:22:07');
/*!40000 ALTER TABLE `notification` ENABLE KEYS */;
UNLOCK TABLES;

--
-- Table structure for table `post`
--

DROP TABLE IF EXISTS `post`;
/*!40101 SET @saved_cs_client     = @@character_set_client */;
/*!50503 SET character_set_client = utf8mb4 */;
CREATE TABLE `post` (
  `id` bigint NOT NULL AUTO_INCREMENT,
  `content` text NOT NULL,
  `created_at` timestamp NOT NULL DEFAULT CURRENT_TIMESTAMP,
  `updated_at` timestamp NOT NULL DEFAULT CURRENT_TIMESTAMP,
  `is_public` tinyint(1) NOT NULL DEFAULT '1',
  `post_type` varchar(10) NOT NULL,
  `title` varchar(30) NOT NULL DEFAULT '',
  `crew_id` bigint DEFAULT NULL,
  `author_id` bigint NOT NULL,
  PRIMARY KEY (`id`),
  KEY `crew_id` (`crew_id`),
  KEY `author_id` (`author_id`),
  CONSTRAINT `post_ibfk_1` FOREIGN KEY (`crew_id`) REFERENCES `crew` (`id`) ON DELETE SET NULL,
  CONSTRAINT `post_ibfk_2` FOREIGN KEY (`author_id`) REFERENCES `member` (`id`)
) ENGINE=InnoDB AUTO_INCREMENT=52 DEFAULT CHARSET=utf8mb4 COLLATE=utf8mb4_0900_ai_ci;
/*!40101 SET character_set_client = @saved_cs_client */;

--
-- Dumping data for table `post`
--

LOCK TABLES `post` WRITE;
/*!40000 ALTER TABLE `post` DISABLE KEYS */;
INSERT INTO `post` VALUES (2,'지금 바로 참여하세요!','2024-08-13 10:16:41','2024-08-13 10:16:49',1,'STANDARD','',NULL,3),(4,'바람직한 달리기 자세','2024-08-13 10:20:16','2024-08-13 10:20:16',1,'STANDARD','',NULL,2),(5,'서울 러닝 스팟 추천해요~!!\n저는 오늘 남산러닝 예정입니다 ㅎㅎ','2024-08-13 10:21:29','2024-08-13 10:27:01',1,'STANDARD','',NULL,4),(8,'주말에 뛴 잠수교 벙개런에서\n너무 힘들어요\n하하 👟\n#잠수교 #러닝 #서울 #20대 #30대 #40대 #열정 ','2024-08-13 10:34:50','2024-08-13 10:34:50',1,'STANDARD','',NULL,2),(9,'전국 날씨 참고하세요 🌞🌞\n폭염주의보 다들 주의하세요!!!\n#날씨 #폭염주의보 #그래도_러닝_할거임','2024-08-13 10:40:16','2024-08-13 10:40:34',1,'STANDARD','',NULL,4),(10,'1. 회원 관리\n신규 회원 가입은 매달 첫째 주에 진행됩니다.\n기존 회원의 정보 업데이트도 잊지 말고 해주세요.\n\n2. 활동 보고\n매주 활동 후 활동 보고서를 제출해 주세요.\n\n3. 정기 회의 일정\n정기 회의는 매월 12일에 진행됩니다.\n참석 필수이며, 불참 시 사전 통보 부탁드립니다.\n\n4. 문의 사항\n운영 관련 문의는 연락처 또는 이메일로 해주세요.\n여러분의 적극적인 참여와 협조를 부탁드립니다!\n\n감사합니다.','2024-08-13 10:43:31','2024-08-13 10:43:31',0,'NOTICE','🏃‍♂️ 런닝맨 공지사항 🏃‍♀️',1,3),(11,'저도 언젠가 이런거 해보고 싶네요 ㅋㅋㅋ 🏃‍♀️🏃‍♂️ <3','2024-08-13 10:44:28','2024-08-13 10:44:49',1,'STANDARD','',NULL,4),(12,'러닝화 사실 분 있으신가요? 같이 공구해요!','2024-08-13 10:51:49','2024-08-13 10:51:49',0,'STANDARD','',NULL,5),(13,'번개런 뛰고는 역시 치킨치킨 (*BBQ 광고아님)','2024-08-13 12:30:09','2024-08-13 12:45:00',1,'STANDARD','',NULL,7),(14,'오런완 인증합니다 (●\'◡\'●)\n#오런완 #폭염주의보','2024-08-13 12:48:28','2024-08-13 12:48:28',0,'STANDARD','',3,4),(15,'풍경이 맛있어서 뛸 맛 나네요!','2024-08-13 13:06:32','2024-08-13 13:06:32',1,'STANDARD','',NULL,9),(16,'끝나고 뒷풀이도 있을 예정이니 많은 참가 부탁드려요 ^^ \n날은 덥지만 재밌게 러닝해봐요!','2024-08-13 13:27:54','2024-08-14 12:31:39',0,'NOTICE','금주 일요일 형산강변 러닝 많관부!',2,4),(18,'오늘 러닝 완료~!','2024-08-13 15:42:48','2024-08-13 15:42:48',1,'STANDARD','',NULL,7),(20,'공지','2024-08-13 16:24:24','2024-08-13 16:24:24',0,'NOTICE','사진없는 공지',4,7),(21,'덥고 습하지만 그래도 우리는 뛴다ㅏㅏ','2024-08-13 17:04:46','2024-08-13 17:04:46',1,'STANDARD','',NULL,10),(22,'오늘의 러닝 인증 (｡･∀･)ﾉﾞ💦💦','2024-08-13 17:06:27','2024-08-13 17:06:27',1,'STANDARD','',NULL,4),(23,'페이스밀고나가기대작전.. 하프 꿀팁 알려주세요..','2024-08-13 17:07:16','2024-08-13 17:07:16',1,'STANDARD','',NULL,10),(24,'we','2024-08-14 02:43:55','2024-08-14 02:43:55',0,'NOTICE','qweq',NULL,7),(25,'qwe','2024-08-14 02:43:58','2024-08-14 02:43:58',0,'NOTICE','qweqwe',NULL,7),(26,'wqweqwe','2024-08-14 02:44:01','2024-08-14 02:44:01',0,'NOTICE','qweqe',NULL,7),(27,'weqe','2024-08-14 02:44:04','2024-08-14 02:44:04',0,'NOTICE','wqeqweq',NULL,7),(28,'weqwe','2024-08-14 02:44:06','2024-08-14 02:44:06',0,'NOTICE','qweqweq',NULL,7),(30,'예쁜 신발과 좋은 사람들과 함께.\n\n개인적으로 9시가 가장 예쁨','2024-08-14 09:42:00','2024-08-14 09:42:00',1,'STANDARD','',NULL,7),(46,'예령 재영 효진 삼위일체','2024-08-14 10:23:58','2024-08-14 10:23:58',1,'STANDARD','',NULL,7),(47,'공지사항입니다.','2024-08-14 10:56:41','2024-08-14 10:56:41',0,'NOTICE','CAU 공지사항',13,7),(51,'아 힘들다.....','2024-08-14 20:20:01','2024-08-14 20:20:01',0,'STANDARD','',1,8);
/*!40000 ALTER TABLE `post` ENABLE KEYS */;
UNLOCK TABLES;

--
-- Table structure for table `postimage`
--

DROP TABLE IF EXISTS `postimage`;
/*!40101 SET @saved_cs_client     = @@character_set_client */;
/*!50503 SET character_set_client = utf8mb4 */;
CREATE TABLE `postimage` (
  `id` bigint NOT NULL AUTO_INCREMENT,
  `post_id` bigint NOT NULL,
  `image_url` text NOT NULL,
  PRIMARY KEY (`id`),
  KEY `post_id` (`post_id`),
  CONSTRAINT `postimage_ibfk_1` FOREIGN KEY (`post_id`) REFERENCES `post` (`id`)
) ENGINE=InnoDB AUTO_INCREMENT=45 DEFAULT CHARSET=utf8mb4 COLLATE=utf8mb4_0900_ai_ci;
/*!40101 SET character_set_client = @saved_cs_client */;

--
-- Dumping data for table `postimage`
--

LOCK TABLES `postimage` WRITE;
/*!40000 ALTER TABLE `postimage` DISABLE KEYS */;
INSERT INTO `postimage` VALUES (3,2,'https://crewin-bucket.s3.ap-northeast-2.amazonaws.com/crewin/e82c22dc-0994-485a-8716-213b3afaca24.webp'),(5,4,'https://crewin-bucket.s3.ap-northeast-2.amazonaws.com/crewin/5e17ca02-7a65-4247-9fd2-072df3c06f3b.webp'),(13,5,'https://crewin-bucket.s3.ap-northeast-2.amazonaws.com/crewin/9c09cd05-0ec9-474b-acdb-3f7a68f4fd44.webp'),(15,8,'https://crewin-bucket.s3.ap-northeast-2.amazonaws.com/crewin/a15b3ab0-5321-4f4b-8839-15601717ef7a.webp'),(16,8,'https://crewin-bucket.s3.ap-northeast-2.amazonaws.com/crewin/f5bd063a-f88c-4ec2-a009-7578f3e7dff5.webp'),(18,9,'https://crewin-bucket.s3.ap-northeast-2.amazonaws.com/crewin/4b5e38f1-c881-4251-b673-5c8e60128c4f.webp'),(20,11,'https://crewin-bucket.s3.ap-northeast-2.amazonaws.com/crewin/b3fd496d-3e22-4cae-9eb2-88069cdf84d8.webp'),(21,12,'https://crewin-bucket.s3.ap-northeast-2.amazonaws.com/crewin/8ffa3cdb-754f-4e91-9991-682317fd482f.webp'),(23,13,'https://crewin-bucket.s3.ap-northeast-2.amazonaws.com/crewin/7ced8a4d-1bcc-4702-a5e5-551204ff3703.webp'),(24,14,'https://crewin-bucket.s3.ap-northeast-2.amazonaws.com/crewin/b2a5021c-967f-4f39-b633-c56e8efdd8e8.webp'),(25,15,'https://crewin-bucket.s3.ap-northeast-2.amazonaws.com/crewin/39a5aa03-5419-4fb5-bb39-444f3cd4c03a.webp'),(27,18,'https://crewin-bucket.s3.ap-northeast-2.amazonaws.com/crewin/2bfce747-f37c-479e-9ebe-ef7b15736e42.webp'),(30,21,'https://crewin-bucket.s3.ap-northeast-2.amazonaws.com/crewin/a4392f38-7c91-4d37-abb8-50f703970889.webp'),(31,22,'https://crewin-bucket.s3.ap-northeast-2.amazonaws.com/crewin/0983a1f1-7ce0-4ed1-b099-a89378dce482.webp'),(32,22,'https://crewin-bucket.s3.ap-northeast-2.amazonaws.com/crewin/62729242-fc6e-4ec4-a795-6c27ae6ab086.webp'),(33,23,'https://crewin-bucket.s3.ap-northeast-2.amazonaws.com/crewin/a61e20a0-b4b3-4392-9f05-681098284df6.webp'),(34,30,'https://crewin-bucket.s3.ap-northeast-2.amazonaws.com/crewin/00e97c0c-3b6a-44c3-9693-e05a91daf82d.webp'),(43,46,'https://crewin-bucket.s3.ap-northeast-2.amazonaws.com/crewin/006717a6-e4f0-40f9-8097-c9c01bc879a8.webp'),(44,51,'https://crewin-bucket.s3.ap-northeast-2.amazonaws.com/crewin/a842f4ab-40fd-424d-a40a-85c53efdd032.webp');
/*!40000 ALTER TABLE `postimage` ENABLE KEYS */;
UNLOCK TABLES;

--
-- Table structure for table `session`
--

DROP TABLE IF EXISTS `session`;
/*!40101 SET @saved_cs_client     = @@character_set_client */;
/*!50503 SET character_set_client = utf8mb4 */;
CREATE TABLE `session` (
  `id` bigint NOT NULL AUTO_INCREMENT,
  `course_id` bigint NOT NULL,
  `host_id` bigint NOT NULL,
  `crew_id` bigint DEFAULT NULL,
  `session_type` varchar(10) NOT NULL,
  `name` varchar(30) NOT NULL,
  `pace` int NOT NULL,
  `spot` varchar(30) NOT NULL,
  `start_at` timestamp NOT NULL,
  `end_at` timestamp NOT NULL,
  `content` text NOT NULL,
  `max_people` int NOT NULL,
  `area` varchar(30) NOT NULL,
  `lat` double DEFAULT NULL,
  `lng` double DEFAULT NULL,
  `attendance_start` timestamp NULL DEFAULT NULL,
  PRIMARY KEY (`id`),
  KEY `course_id` (`course_id`),
  KEY `host_id` (`host_id`),
  KEY `crew_id` (`crew_id`),
  CONSTRAINT `session_ibfk_1` FOREIGN KEY (`course_id`) REFERENCES `course` (`id`),
  CONSTRAINT `session_ibfk_2` FOREIGN KEY (`host_id`) REFERENCES `member` (`id`),
  CONSTRAINT `session_ibfk_3` FOREIGN KEY (`crew_id`) REFERENCES `crew` (`id`) ON DELETE CASCADE
) ENGINE=InnoDB AUTO_INCREMENT=28 DEFAULT CHARSET=utf8mb4 COLLATE=utf8mb4_0900_ai_ci;
/*!40101 SET character_set_client = @saved_cs_client */;

--
-- Dumping data for table `session`
--

LOCK TABLES `session` WRITE;
/*!40000 ALTER TABLE `session` DISABLE KEYS */;
INSERT INTO `session` VALUES (1,1,3,NULL,'THUNDER','둘이 뛰어요 in 구미',195,'사거리 앞 편의점','2024-08-22 11:05:00','2024-08-22 13:00:00','적당한 속도로 한바퀴 뛸 예정입니다~\n러닝화 끈 단단히 묶고 오세요',2,'경상북도 구미시 오태동',NULL,NULL,NULL),(2,2,5,NULL,'THUNDER','대구 정복',195,'반월당역 4번 출구','2024-08-31 11:22:00','2024-08-31 14:32:00','개인 장비 필수 지참해 주세요',20,'대구광역시 남구 대명동',NULL,NULL,NULL),(3,3,4,NULL,'THUNDER','낙동런',270,'구미 동락공원 제2주차장','2024-08-17 19:00:00','2024-08-17 19:50:00','동락공원에서 저녁 러닝해요!!!',6,'경상북도 구미시 진평동',NULL,NULL,NULL),(4,4,6,3,'OPEN','나 혼자 뛰지 뭐',195,'버거킹 앞 ','2024-08-13 12:29:00','2024-08-13 12:39:00','러닝은 원래 고독한 것',1,'서울특별시 광진구 자양동',NULL,NULL,NULL),(5,5,7,NULL,'THUNDER','진평동 러닝',360,'진평동 에이바우트 앞','2024-08-13 13:00:00','2024-08-13 19:30:00','⚡️번개런⚡️\n\n페이스 : 6\'00\'\'~6\'30\'\' 정도 예상\n\n짐보관 X\n스피커 O\n\n비예보가 있으면 17:00에 취소 예정입니다.\n',10,'경상북도 구미시 진평동',36.107463,128.416577,'2024-08-13 13:08:38'),(6,4,6,3,'STANDARD','바다를 달리는 돌고래',130,'아쿠아팰리스','2024-08-13 12:50:00','2024-08-13 13:30:00','비가 와도 뛸거에요',10,'서울특별시 광진구 자양동',36.107463,128.416577,'2024-08-13 12:58:38'),(7,6,4,2,'STANDARD','형산강을 거스르는 연어러닝',300,'포항시 형산강 장미공원','2024-08-18 17:00:00','2024-08-18 18:20:00','우천 시 취소될 수 있습니다.\n러닝 후 퐝퐝갈비에서 뒷풀이 예정입니다!',10,'경상북도 포항시 남구 효자동',NULL,NULL,NULL),(8,3,4,9,'OPEN','다같이 달리자구미!',330,'구미 진평동 이계천','2024-08-13 13:05:00','2024-08-14 13:46:00','쭉구미 크루원이 아니어도 편하게 와서 다같이 뛰어봐요~~!!',12,'경상북도 구미시 진평동',36.1071207,128.4164956,'2024-08-13 13:44:12'),(9,1,3,1,'OPEN','구미 한 바퀴',185,'잔디밭','2024-08-13 13:50:00','2024-08-13 13:56:00','.',2,'경상북도 구미시 오태동',36.107468,128.416636,'2024-08-13 13:53:46'),(10,1,3,NULL,'THUNDER','지구 끝까지',250,'호수 앞','2024-08-13 13:59:00','2024-08-13 14:01:00','.',5,'경상북도 구미시 오태동',36.107454,128.416538,'2024-08-13 14:00:14'),(11,1,3,1,'OPEN','너만 오면 출발',125,'공원 입구','2024-08-13 12:00:00','2024-08-13 14:07:00','.',5,'경상북도 구미시 오태동',36.1237,128.3761,'2024-08-13 14:05:56'),(12,1,3,1,'OPEN','같이 뛰자',145,'오솔밭길','2024-08-13 13:41:00','2024-08-13 14:14:00','.',4,'경상북도 구미시 오태동',36.107443,128.41656,'2024-08-13 14:12:58'),(13,2,5,5,'OPEN','메이드 바이 유진',190,'동락공원','2024-08-13 14:00:00','2024-08-13 14:20:00','.',5,'대구광역시 남구 대명동',36.1071198,128.4164911,'2024-08-13 14:18:46'),(14,5,7,NULL,'THUNDER','피자먹고 속죄하는 러닝',300,'구미시 진평동 피자헛 앞','2024-08-14 00:00:00','2024-08-14 00:55:00','피자먹고 속죄런 합니다. 빠르게 뛸 예정이고 스피커 들고 갑니다!',5,'경상북도 구미시 진평동',36.1247953,128.396878,'2024-08-14 00:25:45'),(16,13,2,NULL,'THUNDER','광안리 벙개런',630,'남천초등학교','2024-08-23 17:00:00','2024-08-23 17:30:00','광안리 가볍게 뛰실분들을 모집합니다!',6,'부산광역시 수영구 남천동',NULL,NULL,NULL),(17,12,2,10,'STANDARD','구미런',455,'구미 에이바우트','2024-08-14 10:50:00','2024-08-15 11:00:00','오늘도 달려봅시다!! 구미구미에서!!',12,'경상북도 구미시 진평동',36.1071233,128.4166663,'2024-08-14 10:50:41'),(18,1,3,1,'STANDARD','런런투런',185,'신호등 앞','2024-08-14 11:30:00','2024-08-14 11:52:00','런런고런',3,'경상북도 구미시 오태동',36.107112469516885,128.4166284011681,'2024-08-14 11:51:21'),(19,1,3,1,'OPEN','가보자고~!!',180,'쿼카 동상 앞','2024-08-14 11:00:00','2024-08-14 12:20:00','가보자구',2,'경상북도 구미시 오태동',NULL,NULL,NULL),(20,18,7,NULL,'THUNDER','여의도 6km 번개런',360,'흑석역 출구','2024-08-14 13:00:00','2024-08-14 14:30:00','벚꽃런 뛰어요~\n사진도 찍어드립니다.\n스피커o',10,'서울특별시 동작구 흑석동',NULL,NULL,NULL),(21,10,1,NULL,'THUNDER','구미 당기는 번개런',265,'에이바우트','2024-08-14 12:00:00','2024-08-14 18:10:00','한번 뛰어요',5,'경상북도 구미시 인의동',36.1071084,128.4165077,'2024-08-14 17:36:57'),(22,12,2,10,'STANDARD','진평동 런런',385,'구미 에이바우트','2024-08-14 13:05:00','2024-08-14 13:40:00','오늘도 달려봅세',12,'경상북도 구미시 진평동',36.10712,128.4165206,'2024-08-14 13:26:42'),(25,2,5,5,'OPEN','흰둥이런',125,'가보자구','2024-08-14 17:40:00','2024-08-14 18:00:00','고고',2,'대구광역시 남구 대명동',36.107428,128.416541,'2024-08-14 17:47:26'),(26,2,5,5,'OPEN','제주 감귤 동행런',135,'서울까지 뛰어요','2024-08-14 20:00:00','2024-08-14 20:55:00','아닌가?',2,'대구광역시 남구 대명동',36.101986,128.423386,'2024-08-14 20:28:06'),(27,21,8,6,'STANDARD','진평 러닝 ',370,'구미 에이바우트','2024-08-14 20:25:00','2024-08-15 20:35:00','달려봅시다 ',12,'경상북도 구미시 황상동',36.10238187001192,128.4235628445434,'2024-08-14 20:26:29');
/*!40000 ALTER TABLE `session` ENABLE KEYS */;
UNLOCK TABLES;

--
-- Table structure for table `sessionimage`
--

DROP TABLE IF EXISTS `sessionimage`;
/*!40101 SET @saved_cs_client     = @@character_set_client */;
/*!50503 SET character_set_client = utf8mb4 */;
CREATE TABLE `sessionimage` (
  `id` bigint NOT NULL AUTO_INCREMENT,
  `session_id` bigint NOT NULL,
  `image_url` text NOT NULL,
  PRIMARY KEY (`id`),
  KEY `session_id` (`session_id`),
  CONSTRAINT `sessionimage_ibfk_1` FOREIGN KEY (`session_id`) REFERENCES `session` (`id`) ON DELETE CASCADE
) ENGINE=InnoDB AUTO_INCREMENT=66 DEFAULT CHARSET=utf8mb4 COLLATE=utf8mb4_0900_ai_ci;
/*!40101 SET character_set_client = @saved_cs_client */;

--
-- Dumping data for table `sessionimage`
--

LOCK TABLES `sessionimage` WRITE;
/*!40000 ALTER TABLE `sessionimage` DISABLE KEYS */;
INSERT INTO `sessionimage` VALUES (1,6,'https://crewin-bucket.s3.ap-northeast-2.amazonaws.com/crewin/187cddfc-aaa9-4c7c-b2f3-64f2ed5a100e.webp'),(2,6,'https://crewin-bucket.s3.ap-northeast-2.amazonaws.com/crewin/21e788e3-d37a-4606-a4f3-89c98a0429f5.webp'),(3,6,'https://crewin-bucket.s3.ap-northeast-2.amazonaws.com/crewin/f533c10c-d9ee-4bb0-9771-7d59328a072f.webp'),(4,5,'https://crewin-bucket.s3.ap-northeast-2.amazonaws.com/crewin/40aebc01-284d-456c-b9b3-2e5c66badfdb.webp'),(6,8,'https://crewin-bucket.s3.ap-northeast-2.amazonaws.com/crewin/5784d93b-8d21-46ae-a183-b4ff1f631cd1.webp'),(62,14,'https://crewin-bucket.s3.ap-northeast-2.amazonaws.com/crewin/7d06cfa3-daac-4a36-afa3-43ab137d9eab.webp'),(63,14,'https://crewin-bucket.s3.ap-northeast-2.amazonaws.com/crewin/5fd780cd-7405-40b0-9627-c336c4eb0ef4.webp'),(64,14,'https://crewin-bucket.s3.ap-northeast-2.amazonaws.com/crewin/6ebb481c-4f50-4d27-889d-1e101a110249.webp'),(65,14,'https://crewin-bucket.s3.ap-northeast-2.amazonaws.com/crewin/fa456065-9bd9-452e-b31f-8a5b5b79d0d5.webp');
/*!40000 ALTER TABLE `sessionimage` ENABLE KEYS */;
UNLOCK TABLES;

--
-- Table structure for table `sessionposter`
--

DROP TABLE IF EXISTS `sessionposter`;
/*!40101 SET @saved_cs_client     = @@character_set_client */;
/*!50503 SET character_set_client = utf8mb4 */;
CREATE TABLE `sessionposter` (
  `id` bigint NOT NULL AUTO_INCREMENT,
  `session_id` bigint NOT NULL,
  `image_url` text DEFAULT (_utf8mb4'https://crewin-bucket.s3.ap-northeast-2.amazonaws.com/crewin/SessionPoster.webp'),
  PRIMARY KEY (`id`),
  KEY `session_id` (`session_id`),
  CONSTRAINT `sessionposter_ibfk_1` FOREIGN KEY (`session_id`) REFERENCES `session` (`id`) ON DELETE CASCADE
) ENGINE=InnoDB AUTO_INCREMENT=55 DEFAULT CHARSET=utf8mb4 COLLATE=utf8mb4_0900_ai_ci;
/*!40101 SET character_set_client = @saved_cs_client */;

--
-- Dumping data for table `sessionposter`
--

LOCK TABLES `sessionposter` WRITE;
/*!40000 ALTER TABLE `sessionposter` DISABLE KEYS */;
INSERT INTO `sessionposter` VALUES (1,1,'https://crewin-bucket.s3.ap-northeast-2.amazonaws.com/crewin/93bf5d7e-782c-484b-bc06-362e08edf75c.webp'),(2,2,'https://crewin-bucket.s3.ap-northeast-2.amazonaws.com/crewin/5122bc18-944e-4fe7-922a-c07ef6b467d4.webp'),(6,3,'https://crewin-bucket.s3.ap-northeast-2.amazonaws.com/crewin/8bf4ea97-c709-4911-a67e-6d357e4d03e4.webp'),(7,4,'https://crewin-bucket.s3.ap-northeast-2.amazonaws.com/crewin/8286d1fb-fe2f-464c-aa45-5f903d9aa65c.webp'),(8,5,'https://crewin-bucket.s3.ap-northeast-2.amazonaws.com/crewin/8d94d2e6-458f-464d-b5e9-3a9b03510dbb.webp'),(11,6,'https://crewin-bucket.s3.ap-northeast-2.amazonaws.com/crewin/a0c160a4-324e-4d5b-9f6f-b0f06a6ae8a6.webp'),(12,7,'https://crewin-bucket.s3.ap-northeast-2.amazonaws.com/crewin/075d549d-7944-4647-8ccd-acbd8d45e1c0.webp'),(13,8,'https://crewin-bucket.s3.ap-northeast-2.amazonaws.com/crewin/SessionPoster.webp'),(14,9,'https://crewin-bucket.s3.ap-northeast-2.amazonaws.com/crewin/5c65729a-bb2b-4d9f-a50e-c6bb56dc76de.webp'),(15,10,'https://crewin-bucket.s3.ap-northeast-2.amazonaws.com/crewin/4dbb9fbe-eaad-46f1-9ef6-e4c0a5331bbd.webp'),(16,11,'https://crewin-bucket.s3.ap-northeast-2.amazonaws.com/crewin/1788f541-5399-48f0-be50-9d8020ce883c.webp'),(17,12,'https://crewin-bucket.s3.ap-northeast-2.amazonaws.com/crewin/dfce35f9-396f-4bc0-9748-081607f4ddcb.webp'),(18,13,'https://crewin-bucket.s3.ap-northeast-2.amazonaws.com/crewin/32eb44b0-1986-4699-b546-3d406502f208.webp'),(38,14,'https://crewin-bucket.s3.ap-northeast-2.amazonaws.com/crewin/c7e85641-7247-407e-a9b2-963366383f44.webp'),(39,14,'https://crewin-bucket.s3.ap-northeast-2.amazonaws.com/crewin/1568d105-513c-417a-9a29-4b7e68f18967.webp'),(40,14,'https://crewin-bucket.s3.ap-northeast-2.amazonaws.com/crewin/e3d6849d-212b-49eb-bef4-6d4a5ed7a556.webp'),(41,16,'https://crewin-bucket.s3.ap-northeast-2.amazonaws.com/crewin/567cd6a5-6185-4429-bb5f-f895bf751867.webp'),(42,17,'https://crewin-bucket.s3.ap-northeast-2.amazonaws.com/crewin/23fc273e-a361-4102-a2c8-d8e3bf09f416.webp'),(43,18,'https://crewin-bucket.s3.ap-northeast-2.amazonaws.com/crewin/2872857a-ccc9-4350-b1af-c3797be2cc3c.webp'),(44,19,'https://crewin-bucket.s3.ap-northeast-2.amazonaws.com/crewin/3ff78318-e838-4b6e-9c15-0f3109714d40.webp'),(47,20,'https://crewin-bucket.s3.ap-northeast-2.amazonaws.com/crewin/a68f16fd-3da1-48c6-acf8-563fad14e392.webp'),(48,21,'https://crewin-bucket.s3.ap-northeast-2.amazonaws.com/crewin/SessionPoster.webp'),(49,22,'https://crewin-bucket.s3.ap-northeast-2.amazonaws.com/crewin/bbc6af04-3929-4df4-b6df-59c4fb066eb8.webp'),(52,25,'https://crewin-bucket.s3.ap-northeast-2.amazonaws.com/crewin/71a9329b-baf9-49d9-85f8-a09bcb707caf.webp'),(53,26,'https://crewin-bucket.s3.ap-northeast-2.amazonaws.com/crewin/8aa3dcc8-766f-401a-84cc-5c627069e0ab.webp'),(54,27,'https://crewin-bucket.s3.ap-northeast-2.amazonaws.com/crewin/f48f4667-44e3-4b25-9d25-0601599162ca.webp');
/*!40000 ALTER TABLE `sessionposter` ENABLE KEYS */;
UNLOCK TABLES;
/*!40103 SET TIME_ZONE=@OLD_TIME_ZONE */;

/*!40101 SET SQL_MODE=@OLD_SQL_MODE */;
/*!40014 SET FOREIGN_KEY_CHECKS=@OLD_FOREIGN_KEY_CHECKS */;
/*!40014 SET UNIQUE_CHECKS=@OLD_UNIQUE_CHECKS */;
/*!40101 SET CHARACTER_SET_CLIENT=@OLD_CHARACTER_SET_CLIENT */;
/*!40101 SET CHARACTER_SET_RESULTS=@OLD_CHARACTER_SET_RESULTS */;
/*!40101 SET COLLATION_CONNECTION=@OLD_COLLATION_CONNECTION */;
/*!40111 SET SQL_NOTES=@OLD_SQL_NOTES */;

-- Dump completed on 2024-08-14 11:53:00
